branch,from,to,x,u
0,0,335,7.64E-02,2.19E+00
1,1,40,8.67E-02,2.84E+00
2,2,1704,4.96E-02,7.94E+00
3,3,1641,8.77E-03,4.76E+00
4,4,1482,1.89E-01,2.19E+00
5,5,337,5.66E-02,6.50E+00
6,6,1733,1.05E-01,4.91E+00
7,6,1733,1.05E-01,4.91E+00
8,7,1295,2.97E-02,2.38E+00
9,8,50,1.20E-02,1.05E+01
10,8,63,4.26E-02,1.10E+01
11,8,63,4.26E-02,1.10E+01
12,9,1521,2.00E-02,1.10E+01
13,9,1521,2.00E-02,1.10E+01
14,10,11,4.18E-06,7.36E+00
15,10,17,2.03E-03,1.88E+01
16,11,1341,2.46E-03,1.30E+01
17,12,34,3.31E-03,7.36E+00
18,12,676,3.15E-02,1.54E+01
19,12,1047,4.01E-04,1.10E+01
20,13,1099,2.97E-04,9.31E+00
21,14,16,4.10E-05,1.42E+01
22,14,1051,3.87E-03,7.36E+00
23,15,1045,1.11E-01,4.31E+00
24,15,1734,2.24E-02,7.66E+00
25,16,34,1.82E-03,8.68E+00
26,16,325,3.75E-02,1.88E+01
27,16,988,1.67E-02,1.54E+01
28,16,1047,4.54E-03,7.36E+00
29,17,18,1.77E-02,7.36E+00
30,17,55,1.67E-02,7.36E+00
31,17,806,2.11E-02,7.36E+00
32,17,1341,3.16E-03,1.05E+01
33,17,1351,3.67E-03,1.42E+01
34,17,1567,1.02E-02,1.65E+01
35,18,20,4.52E-02,7.36E+00
36,18,24,3.31E-02,7.36E+00
37,19,658,7.96E-02,2.40E+00
38,19,667,2.11E-02,2.40E+00
39,19,669,2.64E-02,2.30E+00
40,19,671,5.02E-02,2.38E+00
41,19,1527,3.73E-02,2.61E+00
42,19,1749,8.92E-02,2.40E+00
43,20,1399,1.13E-02,7.92E+00
44,21,1432,5.53E-03,1.19E+01
45,22,1336,7.00E-04,1.10E+01
46,22,1336,7.00E-04,1.10E+01
47,23,743,1.87E-03,3.66E+00
48,24,1521,3.58E-02,1.10E+01
49,24,1521,3.58E-02,1.10E+01
50,25,55,3.22E-02,1.31E+01
51,25,1399,2.59E-02,1.05E+01
52,26,1479,1.39E-02,2.05E+00
53,26,1480,3.02E-03,2.05E+00
54,26,1481,6.78E-03,2.84E+00
55,27,466,1.65E-02,2.05E+00
56,27,590,4.14E-03,5.67E+00
57,27,770,5.47E-03,2.40E+00
58,27,772,3.81E-03,2.40E+00
59,27,779,5.90E-04,2.40E+00
60,27,783,8.00E-04,2.50E+00
61,28,36,2.69E-04,8.11E+00
62,28,139,8.79E-04,9.70E+00
63,28,820,1.47E-03,7.36E+00
64,28,894,2.72E-03,7.36E+00
65,29,54,3.18E-03,7.92E+00
66,29,1432,3.08E-03,8.68E+00
67,30,76,4.67E-06,7.36E+00
68,31,565,1.95E-03,9.70E+00
69,31,806,1.15E-03,1.05E+01
70,31,820,6.57E-04,7.36E+00
71,32,1099,1.12E-03,6.35E+00
72,32,1254,6.39E-03,4.91E+00
73,32,1254,6.39E-03,4.91E+00
74,32,1722,6.03E-04,7.31E+00
75,33,36,1.15E-04,7.36E+00
76,34,1051,1.83E-03,7.36E+00
77,35,322,1.51E-01,2.40E+00
78,35,345,9.24E-02,2.19E+00
79,35,1405,4.68E-02,2.40E+00
80,35,1499,3.97E-02,2.05E+00
81,35,1500,2.42E-02,2.40E+00
82,36,806,2.95E-03,1.05E+01
83,37,646,4.14E-03,2.40E+00
84,37,647,1.50E-04,2.40E+00
85,37,648,2.52E-03,2.40E+00
86,38,1670,4.33E-02,2.40E+00
87,39,461,1.76E-03,2.40E+00
88,39,463,2.07E-03,2.40E+00
89,39,500,6.90E-04,2.19E+00
90,39,769,2.07E-03,2.40E+00
91,40,70,1.10E-04,2.50E+00
92,40,693,9.71E-03,2.40E+00
93,40,694,1.55E-02,2.40E+00
94,40,695,5.98E-03,2.30E+00
95,40,749,2.72E-03,2.40E+00
96,41,1406,7.54E-02,2.40E+00
97,41,1412,3.15E-02,2.40E+00
98,41,1671,2.93E-02,2.40E+00
99,42,415,2.46E-02,2.40E+00
100,43,1463,1.24E-02,3.07E+00
101,43,1464,4.99E-03,2.40E+00
102,43,1482,7.02E-02,2.19E+00
103,43,1730,5.80E-04,2.84E+00
104,44,45,4.32E-03,3.47E+00
105,44,1729,1.53E-01,2.38E+00
106,45,331,2.75E-02,3.25E+00
107,45,334,9.75E-02,2.86E+00
108,45,424,2.01E-01,2.40E+00
109,46,137,9.25E-02,2.40E+00
110,46,1670,1.84E-02,2.40E+00
111,47,735,4.18E-03,2.40E+00
112,47,1281,2.52E-03,2.40E+00
113,47,1812,1.00E-04,2.50E+00
114,48,330,2.11E-02,3.07E+00
115,48,332,2.73E-02,3.47E+00
116,49,311,3.22E-03,2.40E+00
117,49,312,2.45E-02,2.40E+00
118,49,315,9.91E-02,2.40E+00
119,49,316,2.58E-02,5.01E+00
120,49,420,8.35E-02,2.19E+00
121,49,421,9.08E-02,6.50E+00
122,49,1808,1.29E-01,6.50E+00
123,51,1384,1.47E-02,2.40E+00
124,51,1390,5.18E-02,2.30E+00
125,51,1523,6.92E-02,2.40E+00
126,52,1414,7.61E-02,1.80E+00
127,52,1419,1.19E-01,2.40E+00
128,53,74,2.46E-03,2.19E+00
129,53,1474,1.19E-03,2.40E+00
130,53,1475,8.00E-03,2.40E+00
131,53,1477,2.00E-02,2.40E+00
132,54,565,9.27E-03,1.42E+01
133,54,1432,5.99E-03,1.05E+01
134,55,1341,1.42E-02,7.36E+00
135,56,1376,1.11E-02,2.38E+00
136,56,1377,3.78E-02,2.40E+00
137,57,437,2.42E-03,2.40E+00
138,57,682,6.47E-02,2.19E+00
139,58,982,8.40E-03,2.40E+00
140,58,983,1.18E-03,2.38E+00
141,59,942,2.66E-03,2.30E+00
142,59,943,2.30E-02,2.40E+00
143,60,104,2.37E-02,2.40E+00
144,60,744,2.22E-03,2.40E+00
145,61,1656,2.76E-03,2.86E+00
146,61,1661,1.04E-02,2.40E+00
147,62,1767,2.23E-02,2.19E+00
148,62,1768,6.36E-03,2.40E+00
149,62,1769,1.81E-03,2.05E+00
150,64,1454,1.12E-02,4.91E+00
151,64,1476,6.42E-04,4.35E+00
152,65,1416,1.28E-01,2.40E+00
153,66,79,6.33E-03,7.36E+00
154,66,395,7.85E-03,9.98E+00
155,67,720,6.01E-03,2.40E+00
156,67,722,3.44E-03,2.40E+00
157,67,725,5.48E-03,2.40E+00
158,68,1483,8.09E-02,2.84E+00
159,69,1450,1.88E-02,5.28E+00
160,1691,69,1.87E-02,7.31E+00
161,70,693,9.65E-03,2.40E+00
162,70,749,2.53E-03,2.19E+00
163,70,1592,3.96E-02,2.19E+00
164,71,1482,2.40E-02,2.40E+00
165,72,1444,1.89E-02,2.40E+00
166,73,1439,8.68E-03,2.40E+00
167,74,1483,4.15E-02,2.19E+00
168,75,1444,8.86E-03,2.40E+00
169,76,1399,1.02E-02,7.36E+00
170,77,461,9.30E-04,2.40E+00
171,77,769,8.60E-04,2.40E+00
172,78,949,6.45E-03,2.40E+00
173,78,953,3.00E-03,2.40E+00
174,78,990,5.43E-03,2.19E+00
175,79,395,1.18E-02,7.36E+00
176,80,309,6.54E-03,2.40E+00
177,80,315,1.99E-02,2.05E+00
178,81,1382,1.63E-02,2.40E+00
179,81,1386,2.35E-02,2.40E+00
180,82,1073,1.72E-03,2.93E+00
181,82,1074,1.25E-03,2.19E+00
182,83,471,3.59E-03,2.40E+00
183,84,85,1.39E-03,2.40E+00
184,84,152,5.11E-03,2.84E+00
185,1720,84,2.91E-03,2.61E+00
186,84,1740,3.87E-03,2.40E+00
187,85,142,2.39E-03,2.05E+00
188,86,591,1.40E-03,2.40E+00
189,87,1299,3.50E-04,5.67E+00
190,87,1302,1.65E-03,5.23E+00
191,88,132,9.81E-03,2.40E+00
192,88,1298,6.21E-03,2.05E+00
193,89,1468,3.97E-03,2.40E+00
194,89,1470,2.43E-03,2.40E+00
195,89,1785,4.34E-02,2.19E+00
196,90,1360,9.49E-03,2.38E+00
197,90,1361,1.39E-02,2.19E+00
198,90,1364,4.64E-03,2.40E+00
199,90,1687,3.27E-02,4.18E+00
200,91,299,3.46E-03,3.07E+00
201,91,1689,4.81E-02,2.84E+00
202,92,425,2.56E-02,2.40E+00
203,93,137,8.75E-02,1.80E+00
204,94,325,6.33E-02,8.68E+00
205,94,1020,2.83E-03,9.70E+00
206,95,453,5.26E-02,2.05E+00
207,96,958,1.27E-02,2.40E+00
208,96,964,4.12E-03,2.40E+00
209,96,998,8.76E-03,2.40E+00
210,97,1414,3.63E-02,1.80E+00
211,98,815,7.10E-04,2.86E+00
212,98,815,7.10E-04,2.86E+00
213,98,818,5.40E-04,2.40E+00
214,99,1382,1.44E-02,2.40E+00
215,100,934,5.83E-02,2.05E+00
216,100,1037,2.96E-02,2.40E+00
217,101,1383,6.67E-02,1.80E+00
218,101,1385,4.61E-02,1.80E+00
219,101,1523,6.18E-02,2.40E+00
220,102,644,2.86E-02,2.40E+00
221,102,645,2.59E-02,2.40E+00
222,103,640,1.50E-02,3.81E+00
223,103,946,1.64E-01,2.86E+00
224,103,946,1.64E-01,2.86E+00
225,104,739,6.88E-03,2.40E+00
226,104,740,8.00E-04,2.40E+00
227,105,1378,5.14E-03,2.40E+00
228,106,334,1.90E-01,2.19E+00
229,106,1381,6.82E-02,6.50E+00
230,106,1737,8.33E-02,2.40E+00
231,107,1485,5.30E-03,1.02E+01
232,107,1486,2.70E-03,9.46E+00
233,108,1738,2.37E-02,1.80E+00
234,109,905,1.02E-02,3.07E+00
235,109,906,2.31E-03,2.40E+00
236,110,1384,2.47E-03,1.80E+00
237,111,1377,9.30E-02,2.40E+00
238,111,1379,6.36E-02,2.40E+00
239,111,1738,2.50E-01,1.80E+00
240,112,1354,3.57E-03,2.40E+00
241,112,1365,2.53E-03,2.40E+00
242,113,1385,2.40E-02,1.80E+00
243,114,460,6.60E-04,5.01E+00
244,114,462,9.30E-04,6.14E+00
245,114,532,1.78E-02,2.84E+00
246,114,1747,2.19E-03,4.76E+00
247,1790,115,7.85E-03,2.40E+00
248,116,445,2.17E-02,2.40E+00
249,117,1380,1.87E-02,1.80E+00
250,118,459,2.74E-04,1.25E+01
251,118,798,3.69E-03,1.05E+01
252,119,904,8.41E-03,2.05E+00
253,119,905,9.96E-03,2.40E+00
254,909,119,4.42E-02,2.40E+00
255,120,121,3.35E-03,2.40E+00
256,120,127,6.63E-03,2.40E+00
257,121,1776,8.69E-03,2.40E+00
258,122,124,6.43E-03,2.40E+00
259,1716,123,3.88E-03,2.19E+00
260,123,1776,3.39E-03,2.40E+00
261,123,1784,5.65E-02,2.40E+00
262,1716,124,3.09E-03,3.07E+00
263,125,126,1.09E-02,2.40E+00
264,125,1784,2.99E-02,2.40E+00
265,128,130,6.94E-03,2.40E+00
266,128,1784,2.40E-02,2.40E+00
267,129,135,8.67E-03,2.40E+00
268,129,1784,2.06E-02,2.40E+00
269,131,136,3.01E-02,2.40E+00
270,1706,131,9.73E-03,2.40E+00
271,132,1297,1.40E-02,2.40E+00
272,133,134,1.89E-02,2.40E+00
273,1706,133,4.58E-03,2.50E+00
274,134,440,2.16E-02,2.40E+00
275,135,136,1.22E-02,2.40E+00
276,138,1272,1.24E-02,2.61E+00
277,1723,138,2.76E-03,2.84E+00
278,139,284,4.76E-03,7.36E+00
279,140,141,8.50E-04,2.40E+00
280,1740,140,1.01E-03,2.40E+00
281,141,142,6.80E-04,2.40E+00
282,143,147,3.36E-03,2.40E+00
283,143,152,4.13E-03,2.40E+00
284,144,145,1.54E-03,2.40E+00
285,144,148,9.30E-04,2.40E+00
286,145,1273,1.13E-02,2.05E+00
287,1740,146,2.30E-03,2.40E+00
288,147,148,3.28E-03,2.40E+00
289,147,171,1.66E-03,2.40E+00
290,148,168,1.50E-03,2.40E+00
291,149,150,1.12E-03,2.40E+00
292,150,151,9.60E-04,2.40E+00
293,151,152,1.63E-03,2.40E+00
294,153,155,2.64E-03,2.40E+00
295,153,1278,5.93E-03,2.40E+00
296,154,155,2.07E-03,2.05E+00
297,154,156,1.34E-03,2.19E+00
298,156,158,1.49E-03,2.19E+00
299,157,175,2.67E-03,2.40E+00
300,158,163,3.08E-03,2.19E+00
301,159,160,9.00E-04,2.40E+00
302,159,179,9.90E-04,2.40E+00
303,159,256,1.78E-03,2.40E+00
304,161,162,1.16E-03,2.40E+00
305,161,173,1.55E-03,2.40E+00
306,1740,162,6.85E-03,2.40E+00
307,162,1760,4.42E-03,2.19E+00
308,163,197,1.34E-03,2.61E+00
309,164,192,2.16E-03,2.40E+00
310,164,194,1.10E-03,2.40E+00
311,1720,164,1.95E-02,2.50E+00
312,165,169,1.41E-03,2.40E+00
313,165,189,3.99E-03,2.50E+00
314,165,1761,2.21E-03,3.17E+00
315,166,167,7.60E-04,2.40E+00
316,166,170,1.78E-03,2.40E+00
317,166,177,3.64E-03,2.40E+00
318,166,186,1.47E-03,2.40E+00
319,167,174,8.40E-04,2.40E+00
320,168,174,8.60E-04,2.40E+00
321,169,172,1.01E-03,2.40E+00
322,170,171,1.09E-03,2.40E+00
323,172,173,8.50E-04,2.40E+00
324,175,176,1.18E-03,2.40E+00
325,175,179,2.60E-03,2.40E+00
326,176,178,9.60E-04,2.40E+00
327,177,187,1.17E-03,2.05E+00
328,178,180,7.90E-04,2.40E+00
329,179,180,7.70E-04,2.40E+00
330,180,182,9.20E-04,2.40E+00
331,181,182,3.00E-04,2.40E+00
332,181,185,4.60E-04,2.40E+00
333,182,256,1.69E-03,2.40E+00
334,183,184,7.90E-04,2.40E+00
335,183,260,1.06E-03,2.40E+00
336,184,191,7.20E-04,2.40E+00
337,184,247,2.39E-03,2.40E+00
338,185,189,1.05E-03,2.40E+00
339,186,190,6.00E-04,2.40E+00
340,187,226,1.60E-03,2.05E+00
341,188,192,1.21E-03,2.40E+00
342,188,210,1.22E-03,2.40E+00
343,189,193,1.17E-03,2.40E+00
344,190,192,6.70E-04,2.40E+00
345,191,193,9.60E-04,2.40E+00
346,194,209,1.53E-03,2.40E+00
347,195,196,6.10E-04,2.84E+00
348,195,201,2.10E-03,2.40E+00
349,195,215,5.51E-03,2.40E+00
350,195,1761,5.17E-03,3.07E+00
351,196,198,7.90E-04,2.84E+00
352,197,200,1.10E-03,2.61E+00
353,198,261,6.50E-04,2.61E+00
354,199,200,8.30E-04,2.38E+00
355,199,214,3.11E-03,2.05E+00
356,199,216,1.39E-03,2.40E+00
357,201,203,1.45E-03,2.40E+00
358,202,216,2.10E-03,2.84E+00
359,202,218,2.17E-03,3.17E+00
360,202,687,1.96E-02,4.18E+00
361,203,206,8.10E-04,2.40E+00
362,204,205,1.48E-03,2.40E+00
363,204,206,1.18E-03,2.40E+00
364,204,267,1.92E-03,2.40E+00
365,205,273,1.99E-03,2.40E+00
366,206,211,1.13E-03,2.40E+00
367,207,209,2.07E-03,2.40E+00
368,207,1741,6.57E-03,2.93E+00
369,208,213,1.43E-03,2.40E+00
370,208,238,2.48E-03,2.38E+00
371,210,214,1.39E-03,2.40E+00
372,211,903,1.27E-03,2.40E+00
373,212,217,1.22E-03,2.40E+00
374,212,903,1.53E-03,2.40E+00
375,213,215,6.90E-04,2.40E+00
376,214,1741,6.24E-03,2.50E+00
377,215,217,1.37E-03,2.40E+00
378,215,219,3.61E-03,2.38E+00
379,216,220,3.68E-03,2.61E+00
380,218,1741,2.99E-03,3.07E+00
381,219,225,2.52E-03,2.84E+00
382,220,221,6.80E-04,2.40E+00
383,220,1741,4.57E-03,2.05E+00
384,221,222,6.90E-04,2.40E+00
385,222,223,5.50E-04,2.40E+00
386,223,227,8.40E-04,2.40E+00
387,224,225,2.06E-03,2.61E+00
388,224,1539,9.00E-04,2.19E+00
389,225,232,1.11E-03,2.40E+00
390,226,227,9.70E-04,2.40E+00
391,226,228,1.36E-03,2.40E+00
392,226,235,1.98E-03,2.05E+00
393,228,229,7.90E-04,2.40E+00
394,228,230,2.32E-03,2.40E+00
395,229,231,1.35E-03,2.40E+00
396,230,250,2.21E-03,2.40E+00
397,231,233,6.80E-04,2.40E+00
398,231,248,5.72E-03,2.40E+00
399,231,276,2.38E-03,2.40E+00
400,232,234,1.33E-03,2.38E+00
401,232,236,1.02E-03,2.38E+00
402,232,1552,3.46E-03,2.40E+00
403,233,242,1.59E-03,2.40E+00
404,234,1553,1.53E-03,2.38E+00
405,235,237,8.70E-04,2.30E+00
406,236,238,2.56E-03,2.61E+00
407,237,239,2.43E-03,2.05E+00
408,239,1742,2.35E-03,2.61E+00
409,240,241,9.60E-04,2.40E+00
410,240,246,6.30E-04,2.40E+00
411,241,242,9.90E-04,2.40E+00
412,242,243,7.80E-04,2.40E+00
413,242,245,1.24E-03,2.40E+00
414,243,278,1.78E-03,2.40E+00
415,244,245,1.05E-03,2.40E+00
416,244,253,1.11E-03,2.40E+00
417,244,278,1.78E-03,2.40E+00
418,245,248,3.17E-03,2.40E+00
419,245,251,9.90E-04,2.40E+00
420,246,248,1.52E-03,2.40E+00
421,247,249,8.90E-04,2.40E+00
422,248,283,1.87E-03,2.40E+00
423,248,1742,3.06E-03,2.40E+00
424,249,250,1.04E-03,2.40E+00
425,249,258,1.51E-03,2.40E+00
426,250,254,1.03E-03,2.40E+00
427,251,257,1.01E-03,2.40E+00
428,252,254,8.60E-04,2.40E+00
429,252,256,2.56E-03,2.40E+00
430,253,255,1.03E-03,2.40E+00
431,255,266,9.70E-04,2.40E+00
432,257,263,1.11E-03,2.40E+00
433,258,265,2.05E-03,2.40E+00
434,259,260,8.90E-04,2.40E+00
435,259,261,8.90E-04,2.50E+00
436,259,262,1.20E-03,2.40E+00
437,262,265,1.07E-03,2.40E+00
438,263,274,9.90E-04,2.40E+00
439,264,265,1.02E-03,2.40E+00
440,264,268,1.35E-03,2.40E+00
441,265,270,7.80E-04,2.40E+00
442,265,271,2.69E-03,2.40E+00
443,266,272,1.01E-03,2.40E+00
444,267,273,2.76E-03,2.40E+00
445,268,271,1.07E-03,2.40E+00
446,269,280,1.45E-03,2.05E+00
447,269,282,1.74E-03,2.40E+00
448,270,276,1.04E-03,2.40E+00
449,271,275,1.01E-03,2.40E+00
450,272,280,1.85E-03,2.40E+00
451,273,1798,1.21E-02,2.40E+00
452,274,279,1.13E-03,2.40E+00
453,275,278,7.60E-04,2.40E+00
454,277,283,1.54E-03,2.05E+00
455,277,1798,3.24E-03,2.30E+00
456,279,281,1.12E-03,2.40E+00
457,280,281,5.80E-04,2.40E+00
458,280,1798,5.16E-03,2.40E+00
459,282,1568,1.41E-03,2.40E+00
460,284,1567,1.03E-03,7.92E+00
461,285,898,7.81E-03,3.66E+00
462,285,1797,1.73E-03,4.35E+00
463,286,287,6.47E-03,2.19E+00
464,286,1690,7.16E-02,3.25E+00
465,287,293,1.33E-02,2.40E+00
466,287,295,1.49E-02,2.05E+00
467,1813,287,1.65E-02,2.40E+00
468,288,289,2.63E-02,2.40E+00
469,288,349,3.56E-02,2.40E+00
470,289,291,2.30E-02,2.40E+00
471,290,296,4.42E-02,2.40E+00
472,290,1495,3.23E-02,2.40E+00
473,291,292,9.84E-03,2.40E+00
474,292,293,6.42E-03,2.40E+00
475,294,329,4.53E-02,2.40E+00
476,294,354,8.16E-02,2.40E+00
477,295,297,4.49E-02,2.40E+00
478,296,297,1.18E-02,2.40E+00
479,297,298,7.76E-03,2.40E+00
480,297,1497,4.33E-02,2.40E+00
481,297,1743,1.61E-01,2.40E+00
482,299,1670,9.08E-02,6.50E+00
483,300,1044,2.30E-02,2.61E+00
484,300,1534,2.20E-02,2.61E+00
485,301,302,2.86E-02,2.40E+00
486,301,1044,3.79E-02,2.40E+00
487,302,303,2.33E-02,2.40E+00
488,303,304,2.21E-02,2.40E+00
489,304,307,1.62E-02,2.40E+00
490,305,306,3.14E-02,2.40E+00
491,305,1001,3.44E-02,2.40E+00
492,306,1504,2.79E-02,2.40E+00
493,307,308,4.43E-03,2.40E+00
494,310,316,9.73E-03,4.76E+00
495,310,419,2.61E-02,4.76E+00
496,312,313,2.50E-02,2.40E+00
497,312,314,1.21E-01,2.40E+00
498,317,318,5.07E-03,2.40E+00
499,317,322,1.26E-02,2.40E+00
500,318,322,1.47E-02,2.19E+00
501,318,1807,1.13E-01,3.99E+00
502,319,320,2.06E-02,2.40E+00
503,319,1407,2.60E-02,2.40E+00
504,320,321,3.28E-03,2.40E+00
505,321,322,9.16E-03,2.40E+00
506,323,326,3.29E-02,2.40E+00
507,323,645,3.65E-02,2.40E+00
508,324,327,4.58E-02,2.40E+00
509,324,1002,7.60E-02,2.40E+00
510,325,351,1.40E-02,7.36E+00
511,1743,327,6.13E-03,2.40E+00
512,328,329,2.62E-02,2.40E+00
513,1743,328,5.03E-02,2.40E+00
514,330,331,4.22E-02,3.17E+00
515,332,333,1.69E-02,3.47E+00
516,1724,333,2.66E-03,3.47E+00
517,334,335,4.13E-02,2.84E+00
518,336,337,3.63E-02,2.40E+00
519,336,1298,2.49E-02,2.40E+00
520,337,338,3.69E-02,2.40E+00
521,1711,337,4.06E-02,2.93E+00
522,338,342,2.84E-02,2.40E+00
523,339,340,6.07E-03,2.40E+00
524,339,341,2.19E-02,2.40E+00
525,1711,340,1.27E-02,2.30E+00
526,341,343,3.27E-02,2.40E+00
527,342,363,4.92E-02,2.40E+00
528,343,365,2.65E-02,2.40E+00
529,344,345,1.89E-02,2.40E+00
530,344,997,6.47E-02,2.40E+00
531,345,347,8.77E-03,2.40E+00
532,345,348,1.25E-02,2.40E+00
533,346,347,1.21E-02,2.40E+00
534,346,348,1.18E-02,2.40E+00
535,346,349,4.29E-02,2.40E+00
536,346,350,3.21E-02,2.40E+00
537,346,998,1.14E-01,2.40E+00
538,347,348,2.67E-03,2.40E+00
539,350,1495,5.27E-02,2.40E+00
540,350,1503,4.01E-02,2.40E+00
541,351,352,8.06E-03,7.36E+00
542,351,929,3.80E-02,7.36E+00
543,352,1688,2.35E-02,1.31E+01
544,353,1484,1.14E-02,1.02E+01
545,1744,353,1.41E-02,7.31E+00
546,353,1809,4.66E-02,9.46E+00
547,354,1490,6.15E-02,2.30E+00
548,1745,354,6.07E-02,2.50E+00
549,355,363,3.54E-02,2.40E+00
550,355,370,2.74E-02,2.40E+00
551,356,357,1.94E-02,2.40E+00
552,356,370,3.04E-02,2.40E+00
553,357,364,2.60E-02,2.40E+00
554,358,1056,2.64E-02,2.40E+00
555,1705,358,3.11E-02,2.84E+00
556,359,371,6.26E-03,2.40E+00
557,1705,359,1.14E-02,2.40E+00
558,1728,359,1.05E-02,2.40E+00
559,360,371,7.03E-03,2.40E+00
560,360,1057,1.59E-02,2.40E+00
561,1728,360,2.33E-02,2.40E+00
562,361,362,8.33E-03,2.40E+00
563,361,1512,2.41E-02,2.40E+00
564,362,366,6.43E-03,2.40E+00
565,364,1055,2.25E-02,2.40E+00
566,365,368,2.44E-02,2.40E+00
567,366,372,4.87E-03,2.40E+00
568,367,1510,1.96E-02,2.40E+00
569,367,1511,1.61E-02,2.40E+00
570,368,370,3.00E-02,2.40E+00
571,369,374,9.04E-03,2.40E+00
572,1705,371,1.89E-02,2.40E+00
573,1728,371,1.80E-02,2.40E+00
574,372,373,3.09E-03,2.40E+00
575,1728,373,3.71E-02,2.19E+00
576,1705,374,1.23E-02,2.40E+00
577,375,421,7.39E-03,2.40E+00
578,376,377,2.88E-03,2.40E+00
579,377,378,3.43E-03,2.40E+00
580,378,394,7.54E-03,2.40E+00
581,379,384,4.57E-03,2.40E+00
582,379,423,3.09E-03,2.40E+00
583,380,382,2.99E-03,2.40E+00
584,380,910,5.06E-03,2.40E+00
585,381,382,3.56E-03,2.40E+00
586,381,383,6.37E-03,2.40E+00
587,383,422,1.50E-02,2.40E+00
588,1731,383,2.30E-02,2.40E+00
589,384,385,3.02E-03,2.40E+00
590,385,386,4.09E-03,2.40E+00
591,386,388,3.13E-03,2.40E+00
592,1731,387,2.42E-02,2.40E+00
593,389,390,8.62E-03,2.40E+00
594,389,907,1.40E-02,2.40E+00
595,390,392,7.43E-03,2.40E+00
596,390,408,9.46E-03,2.19E+00
597,1731,391,9.69E-03,2.40E+00
598,393,394,3.76E-03,2.40E+00
599,394,1746,7.31E-03,2.40E+00
600,395,1669,1.74E-02,8.68E+00
601,395,1810,2.99E-02,1.96E+01
602,396,400,7.85E-03,2.40E+00
603,1746,396,7.90E-03,2.40E+00
604,397,398,6.34E-03,2.40E+00
605,1746,397,6.32E-03,2.40E+00
606,399,404,2.21E-02,2.05E+00
607,399,406,1.65E-02,2.40E+00
608,1746,399,1.28E-02,2.40E+00
609,400,421,1.06E-02,2.40E+00
610,401,402,9.42E-03,3.84E+00
611,401,404,1.46E-02,2.50E+00
612,402,403,1.05E-02,3.84E+00
613,403,417,1.15E-02,3.99E+00
614,405,406,1.31E-02,2.40E+00
615,405,415,1.69E-02,2.40E+00
616,407,414,1.48E-02,2.40E+00
617,1746,407,2.73E-02,2.19E+00
618,408,409,1.61E-02,2.40E+00
619,409,411,1.99E-02,2.05E+00
620,410,411,5.87E-03,2.50E+00
621,410,430,2.27E-02,2.38E+00
622,412,413,6.61E-03,2.40E+00
623,412,415,2.11E-02,2.19E+00
624,412,439,3.25E-02,3.47E+00
625,413,414,8.07E-03,2.40E+00
626,416,420,7.98E-02,2.19E+00
627,416,1670,3.46E-02,2.40E+00
628,417,418,6.29E-03,3.99E+00
629,418,419,1.17E-02,4.18E+00
630,421,422,1.47E-02,2.30E+00
631,1746,422,1.91E-02,2.40E+00
632,1731,423,9.09E-03,2.40E+00
633,425,424,1.58E-01,2.84E+00
634,426,945,1.58E-01,2.84E+00
635,427,428,2.17E-02,2.40E+00
636,427,684,1.49E-02,2.40E+00
637,429,436,3.30E-02,2.05E+00
638,429,682,2.92E-02,2.05E+00
639,430,431,3.42E-02,2.40E+00
640,430,1033,6.54E-02,2.19E+00
641,431,432,3.64E-03,3.81E+00
642,431,439,2.96E-02,3.47E+00
643,432,433,2.57E-03,2.19E+00
644,432,434,3.88E-03,2.40E+00
645,433,435,2.01E-03,2.19E+00
646,434,437,5.31E-03,2.40E+00
647,435,436,2.92E-03,2.05E+00
648,438,641,3.08E-02,2.40E+00
649,440,443,2.13E-02,2.40E+00
650,441,442,3.03E-02,2.40E+00
651,1712,441,5.15E-02,2.40E+00
652,442,1518,5.05E-02,2.40E+00
653,443,444,1.65E-02,2.40E+00
654,1711,443,2.19E-02,2.40E+00
655,1711,444,3.82E-03,2.40E+00
656,445,1505,2.86E-02,2.40E+00
657,446,1505,2.79E-02,2.40E+00
658,1711,446,2.32E-02,2.61E+00
659,447,937,3.96E-02,2.40E+00
660,447,1053,5.66E-02,2.40E+00
661,448,945,2.33E-02,2.40E+00
662,449,450,5.35E-03,2.84E+00
663,449,451,2.28E-02,2.84E+00
664,450,685,4.14E-02,2.19E+00
665,451,452,2.53E-02,2.50E+00
666,452,924,2.03E-02,2.50E+00
667,453,454,2.85E-02,2.40E+00
668,454,640,4.91E-02,2.40E+00
669,455,457,7.30E-04,2.40E+00
670,455,461,2.33E-03,2.40E+00
671,456,470,1.30E-03,2.38E+00
672,456,1747,9.50E-04,2.61E+00
673,457,458,1.06E-03,2.40E+00
674,458,465,1.41E-03,2.40E+00
675,459,1681,2.06E-03,1.79E+01
676,460,469,6.60E-04,5.01E+00
677,462,468,1.60E-03,6.50E+00
678,463,464,1.96E-03,2.40E+00
679,464,479,9.70E-04,2.40E+00
680,466,485,5.78E-03,2.84E+00
681,1739,466,2.86E-03,4.18E+00
682,467,490,8.00E-04,5.01E+00
683,467,1299,5.05E-03,5.67E+00
684,468,1303,8.00E-03,6.50E+00
685,469,470,7.90E-04,2.19E+00
686,469,473,6.70E-04,5.01E+00
687,470,471,1.79E-03,2.61E+00
688,471,472,1.07E-03,2.84E+00
689,472,477,1.24E-03,2.50E+00
690,473,474,5.40E-04,5.01E+00
691,474,475,7.90E-04,5.01E+00
692,475,476,5.00E-04,5.01E+00
693,476,478,6.70E-04,5.01E+00
694,477,503,1.20E-03,2.50E+00
695,478,508,1.93E-03,5.01E+00
696,478,558,8.16E-03,2.40E+00
697,1747,478,3.47E-03,5.01E+00
698,479,480,1.14E-03,2.40E+00
699,480,481,7.00E-04,2.40E+00
700,481,482,7.80E-04,2.40E+00
701,482,483,7.90E-04,2.40E+00
702,483,485,1.05E-03,3.84E+00
703,1739,483,3.16E-03,5.67E+00
704,484,485,1.69E-03,3.17E+00
705,484,576,4.28E-03,2.93E+00
706,485,487,8.20E-04,2.05E+00
707,486,490,1.86E-03,4.76E+00
708,486,492,1.33E-03,4.76E+00
709,487,488,8.20E-04,2.05E+00
710,488,489,9.50E-04,2.40E+00
711,489,491,1.39E-03,2.40E+00
712,491,499,1.69E-03,2.40E+00
713,492,494,6.20E-04,4.18E+00
714,493,494,5.70E-04,3.99E+00
715,493,517,6.80E-04,3.99E+00
716,495,497,1.73E-03,2.40E+00
717,495,500,6.70E-04,2.40E+00
718,496,507,1.37E-03,2.40E+00
719,496,590,5.16E-03,2.40E+00
720,497,498,9.90E-04,2.40E+00
721,498,499,1.12E-03,2.40E+00
722,501,502,1.26E-03,2.40E+00
723,501,534,6.50E-04,2.40E+00
724,502,530,1.33E-03,2.40E+00
725,503,504,9.30E-04,2.38E+00
726,504,506,1.26E-03,2.30E+00
727,505,507,2.15E-03,2.12E+00
728,505,530,1.21E-03,2.40E+00
729,507,510,1.06E-03,2.40E+00
730,508,567,1.28E-03,4.76E+00
731,509,510,1.41E-03,2.40E+00
732,509,639,1.45E-03,2.40E+00
733,511,512,7.40E-04,2.40E+00
734,511,519,1.22E-03,2.40E+00
735,513,514,7.20E-04,2.40E+00
736,513,533,7.80E-04,2.40E+00
737,514,515,8.30E-04,2.40E+00
738,515,516,8.40E-04,2.40E+00
739,516,518,1.68E-03,2.40E+00
740,517,520,5.60E-04,3.47E+00
741,518,519,7.20E-04,2.40E+00
742,519,549,1.45E-03,2.40E+00
743,520,524,5.50E-04,3.47E+00
744,521,523,1.63E-03,2.40E+00
745,521,572,1.25E-03,2.40E+00
746,522,525,1.15E-03,4.76E+00
747,522,1300,1.02E-02,5.01E+00
748,524,525,5.50E-04,3.47E+00
749,525,526,4.60E-04,4.76E+00
750,526,528,1.05E-03,4.76E+00
751,527,531,7.30E-04,2.40E+00
752,527,545,8.30E-04,2.40E+00
753,528,529,8.20E-04,3.99E+00
754,529,532,3.14E-03,3.84E+00
755,531,539,8.60E-04,2.40E+00
756,532,540,1.66E-03,2.40E+00
757,532,542,2.34E-03,2.40E+00
758,533,538,1.72E-03,2.40E+00
759,533,572,7.95E-03,2.40E+00
760,534,607,2.89E-03,2.40E+00
761,535,536,4.80E-04,2.40E+00
762,535,608,2.10E-03,2.40E+00
763,536,537,1.03E-03,2.40E+00
764,537,538,5.10E-04,2.40E+00
765,539,541,1.55E-03,2.40E+00
766,541,543,1.16E-03,2.40E+00
767,543,614,9.70E-04,2.40E+00
768,544,551,1.09E-03,2.40E+00
769,544,617,2.77E-03,2.40E+00
770,545,546,1.00E-03,2.40E+00
771,546,547,8.20E-04,2.40E+00
772,547,548,8.80E-04,2.40E+00
773,548,550,9.40E-04,2.40E+00
774,549,570,1.13E-03,2.40E+00
775,550,553,1.05E-03,2.40E+00
776,551,552,1.86E-03,2.40E+00
777,552,560,1.50E-03,2.40E+00
778,553,554,7.90E-04,2.40E+00
779,553,559,1.33E-03,2.40E+00
780,554,555,7.60E-04,2.40E+00
781,555,557,1.24E-03,2.05E+00
782,556,558,1.68E-03,2.40E+00
783,557,564,1.24E-03,2.19E+00
784,559,562,1.18E-03,2.40E+00
785,560,561,1.30E-03,2.40E+00
786,561,1201,7.10E-04,2.40E+00
787,562,563,7.50E-04,2.84E+00
788,562,1196,3.34E-03,2.40E+00
789,562,1197,1.04E-03,2.50E+00
790,563,564,5.20E-04,3.81E+00
791,564,1748,3.32E-03,4.18E+00
792,565,806,2.51E-03,9.60E+00
793,565,1681,4.45E-03,1.88E+01
794,566,568,4.23E-03,2.40E+00
795,567,569,1.58E-03,4.18E+00
796,568,569,8.90E-04,2.61E+00
797,569,571,1.00E-03,2.84E+00
798,570,573,1.58E-03,2.40E+00
799,571,574,2.03E-03,2.84E+00
800,571,611,5.52E-03,3.47E+00
801,572,573,1.39E-03,2.40E+00
802,573,580,2.45E-03,2.40E+00
803,1748,573,3.14E-03,2.05E+00
804,574,576,1.43E-03,2.84E+00
805,575,581,9.60E-04,2.40E+00
806,575,596,1.16E-03,2.40E+00
807,1748,575,3.34E-03,2.40E+00
808,577,586,1.62E-03,2.40E+00
809,578,579,7.40E-04,2.40E+00
810,578,607,1.88E-03,2.40E+00
811,580,583,1.22E-03,2.19E+00
812,580,584,1.01E-03,2.40E+00
813,581,582,9.80E-04,2.40E+00
814,581,583,1.41E-03,2.40E+00
815,582,592,1.46E-03,2.40E+00
816,583,591,1.63E-03,2.19E+00
817,583,592,3.17E-03,2.40E+00
818,584,585,7.50E-04,2.40E+00
819,585,587,8.70E-04,2.40E+00
820,586,587,1.14E-03,2.40E+00
821,588,589,8.80E-04,2.05E+00
822,588,639,2.10E-03,2.40E+00
823,589,590,9.10E-04,2.05E+00
824,592,593,2.04E-03,2.40E+00
825,592,594,1.16E-03,2.40E+00
826,593,600,1.54E-03,2.40E+00
827,594,599,7.20E-04,2.40E+00
828,595,597,7.90E-04,2.40E+00
829,596,598,9.80E-04,2.40E+00
830,597,602,6.39E-03,2.19E+00
831,598,600,1.80E-03,2.40E+00
832,599,600,1.22E-03,2.40E+00
833,600,1068,2.02E-03,2.40E+00
834,600,1755,8.85E-03,2.93E+00
835,601,603,5.38E-03,2.40E+00
836,601,621,2.58E-03,2.40E+00
837,602,603,1.86E-03,2.40E+00
838,603,604,5.49E-03,2.30E+00
839,604,1264,8.31E-03,2.19E+00
840,605,621,2.10E-03,2.40E+00
841,606,610,1.04E-03,2.40E+00
842,608,609,1.56E-03,2.40E+00
843,609,612,1.35E-03,2.50E+00
844,1748,609,1.90E-02,2.40E+00
845,610,611,1.05E-03,2.40E+00
846,611,612,9.60E-04,2.61E+00
847,613,614,7.20E-04,2.40E+00
848,613,615,3.32E-03,2.19E+00
849,615,616,7.80E-04,2.40E+00
850,616,618,7.80E-04,2.40E+00
851,617,620,1.16E-03,2.40E+00
852,618,619,1.30E-03,2.40E+00
853,619,620,2.18E-03,2.40E+00
854,1748,621,2.37E-02,2.40E+00
855,622,623,1.22E-03,2.40E+00
856,622,624,2.89E-03,2.40E+00
857,622,1261,7.00E-03,2.19E+00
858,624,625,9.60E-04,2.40E+00
859,624,631,3.33E-03,2.19E+00
860,625,626,1.11E-03,2.40E+00
861,626,627,1.51E-03,2.40E+00
862,627,628,1.36E-03,2.40E+00
863,628,637,1.16E-03,2.40E+00
864,629,630,2.30E-03,2.40E+00
865,629,1203,3.80E-03,2.40E+00
866,630,631,1.41E-03,2.40E+00
867,632,633,1.32E-03,2.40E+00
868,632,634,1.17E-03,2.40E+00
869,633,638,1.66E-03,2.40E+00
870,634,635,1.41E-03,2.40E+00
871,634,1217,3.39E-03,2.40E+00
872,635,636,6.60E-04,2.40E+00
873,636,1069,9.30E-04,2.40E+00
874,637,638,1.26E-03,2.40E+00
875,638,1196,1.47E-02,2.40E+00
876,640,1381,1.01E-01,6.50E+00
877,641,680,3.18E-02,2.40E+00
878,642,1749,6.97E-02,2.40E+00
879,643,644,3.68E-02,2.40E+00
880,643,993,3.95E-02,2.40E+00
881,648,649,2.87E-03,2.40E+00
882,649,650,2.32E-03,2.40E+00
883,650,658,9.35E-03,2.40E+00
884,651,1749,1.11E-02,2.40E+00
885,652,653,3.33E-03,2.40E+00
886,652,656,2.37E-03,2.40E+00
887,653,654,1.44E-03,2.40E+00
888,654,655,1.56E-03,2.40E+00
889,655,1749,2.44E-02,2.19E+00
890,656,662,4.96E-03,2.40E+00
891,657,659,4.42E-03,2.40E+00
892,658,679,6.03E-03,2.40E+00
893,658,1749,1.99E-02,2.19E+00
894,659,660,8.65E-03,2.40E+00
895,660,683,4.67E-03,2.40E+00
896,661,663,6.81E-03,2.40E+00
897,661,683,4.26E-03,2.40E+00
898,662,665,1.25E-02,2.40E+00
899,663,665,7.23E-03,2.40E+00
900,664,665,4.49E-03,2.40E+00
901,664,668,6.58E-03,2.40E+00
902,665,666,7.48E-03,2.40E+00
903,666,669,1.12E-02,2.40E+00
904,666,670,5.12E-03,2.40E+00
905,667,668,1.11E-02,2.40E+00
906,671,672,9.44E-03,2.40E+00
907,672,673,5.37E-03,2.40E+00
908,673,674,6.61E-03,2.40E+00
909,675,681,1.21E-02,2.40E+00
910,675,1749,9.38E-03,2.40E+00
911,1047,676,3.22E-02,1.31E+01
912,676,1669,2.38E-02,7.92E+00
913,1749,677,1.24E-02,2.40E+00
914,678,679,9.95E-03,2.40E+00
915,678,680,2.34E-02,2.19E+00
916,678,681,2.12E-02,2.40E+00
917,680,681,1.27E-02,2.40E+00
918,680,682,1.25E-02,3.25E+00
919,682,1034,4.67E-02,2.40E+00
920,1749,682,4.69E-02,2.40E+00
921,684,1400,4.91E-02,2.40E+00
922,685,686,2.44E-02,2.05E+00
923,686,1403,3.58E-02,2.40E+00
924,687,688,3.62E-03,2.40E+00
925,687,691,8.29E-03,2.19E+00
926,687,693,8.43E-03,2.30E+00
927,688,689,3.28E-03,2.40E+00
928,689,691,4.15E-03,2.40E+00
929,690,691,3.41E-03,2.40E+00
930,690,1293,4.28E-03,2.40E+00
931,691,692,3.38E-03,2.40E+00
932,691,694,5.99E-03,2.40E+00
933,692,700,1.32E-02,2.19E+00
934,695,696,5.19E-03,2.40E+00
935,696,698,5.14E-03,2.40E+00
936,697,698,3.39E-03,2.40E+00
937,698,703,6.84E-03,2.40E+00
938,699,705,2.28E-03,2.40E+00
939,700,701,3.61E-03,2.40E+00
940,700,702,7.76E-03,2.40E+00
941,701,706,2.89E-03,2.40E+00
942,1726,702,1.07E-02,2.40E+00
943,703,704,3.38E-03,2.40E+00
944,1726,704,5.59E-03,2.40E+00
945,705,706,2.80E-03,2.40E+00
946,707,708,1.48E-03,2.40E+00
947,707,1207,1.58E-03,2.40E+00
948,708,709,2.71E-03,2.40E+00
949,709,710,2.40E-03,2.40E+00
950,710,711,1.66E-03,2.40E+00
951,711,715,6.70E-03,2.40E+00
952,712,713,2.13E-03,2.40E+00
953,712,716,5.54E-03,2.40E+00
954,713,714,2.59E-03,2.40E+00
955,715,1750,1.45E-02,2.40E+00
956,716,717,2.87E-03,2.40E+00
957,717,718,1.79E-03,2.40E+00
958,718,719,1.30E-03,2.40E+00
959,718,1750,8.55E-03,2.40E+00
960,719,720,2.07E-03,2.40E+00
961,721,743,1.10E-02,3.66E+00
962,721,1254,1.36E-02,7.94E+00
963,1725,721,6.59E-04,7.31E+00
964,723,724,3.27E-03,2.40E+00
965,723,728,1.88E-03,2.40E+00
966,725,727,3.50E-03,2.05E+00
967,1750,725,5.98E-03,2.19E+00
968,726,727,1.76E-03,2.05E+00
969,726,756,4.47E-03,2.40E+00
970,728,729,2.53E-03,2.40E+00
971,729,730,3.26E-03,2.40E+00
972,1715,730,1.46E-02,2.40E+00
973,1715,731,1.38E-02,2.40E+00
974,732,734,4.85E-03,2.40E+00
975,732,738,2.97E-03,2.40E+00
976,733,734,2.64E-03,2.40E+00
977,733,737,4.24E-03,2.40E+00
978,734,1163,1.31E-02,2.19E+00
979,734,1220,4.85E-03,2.40E+00
980,735,736,4.47E-03,2.40E+00
981,735,1239,1.10E-02,2.40E+00
982,1710,735,2.09E-02,2.40E+00
983,1710,737,1.23E-02,2.40E+00
984,738,739,3.67E-03,2.40E+00
985,739,741,3.89E-03,2.40E+00
986,741,742,2.55E-03,2.40E+00
987,1710,742,4.13E-03,2.84E+00
988,745,746,6.09E-03,2.40E+00
989,745,1283,4.24E-03,2.40E+00
990,746,747,5.90E-03,2.40E+00
991,1710,747,8.59E-03,2.40E+00
992,748,752,1.84E-02,2.40E+00
993,748,1593,3.79E-02,2.19E+00
994,750,751,7.83E-03,2.40E+00
995,750,752,1.11E-02,2.40E+00
996,751,752,1.89E-02,2.40E+00
997,751,768,4.49E-03,2.40E+00
998,1750,751,2.03E-02,2.19E+00
999,752,753,8.03E-03,2.19E+00
1000,1708,752,4.36E-02,2.84E+00
1001,753,1420,8.56E-03,2.19E+00
1002,754,755,4.80E-03,2.19E+00
1003,754,1431,6.64E-03,2.19E+00
1004,755,761,5.22E-03,2.05E+00
1005,756,757,5.43E-03,2.40E+00
1006,1715,757,3.52E-03,2.40E+00
1007,758,759,5.42E-03,2.40E+00
1008,759,760,2.28E-03,2.40E+00
1009,760,762,3.15E-03,2.40E+00
1010,761,762,4.40E-03,2.40E+00
1011,761,1786,8.34E-03,2.40E+00
1012,763,764,3.42E-03,2.05E+00
1013,1715,763,1.40E-03,2.30E+00
1014,764,765,5.67E-03,2.40E+00
1015,764,766,6.46E-03,2.40E+00
1016,764,1433,1.24E-02,2.30E+00
1017,1715,764,5.05E-03,2.19E+00
1018,765,1786,8.78E-03,2.40E+00
1019,767,1445,2.82E-03,2.40E+00
1020,769,772,3.05E-03,2.40E+00
1021,770,771,1.05E-03,2.40E+00
1022,771,772,2.92E-03,2.40E+00
1023,771,773,2.10E-03,2.40E+00
1024,772,775,8.40E-04,2.40E+00
1025,774,781,2.16E-03,2.40E+00
1026,775,776,6.40E-04,2.40E+00
1027,776,777,5.00E-04,2.40E+00
1028,777,778,6.10E-04,2.40E+00
1029,778,779,8.50E-04,2.40E+00
1030,780,781,1.73E-03,2.40E+00
1031,780,796,1.29E-03,2.40E+00
1032,782,784,1.04E-03,2.40E+00
1033,783,789,9.00E-04,2.05E+00
1034,784,792,1.00E-03,2.40E+00
1035,785,786,8.20E-04,2.40E+00
1036,785,1751,1.37E-03,2.40E+00
1037,786,790,1.15E-03,2.40E+00
1038,787,793,8.70E-04,2.40E+00
1039,788,790,8.20E-04,2.40E+00
1040,788,793,1.14E-03,2.40E+00
1041,788,1751,3.31E-03,2.19E+00
1042,789,791,1.21E-03,2.05E+00
1043,791,1753,2.48E-03,2.05E+00
1044,792,794,1.07E-03,2.40E+00
1045,794,797,1.03E-03,2.40E+00
1046,795,1752,4.74E-04,4.91E+00
1047,795,1752,4.74E-04,4.91E+00
1048,795,1803,2.00E-02,4.91E+00
1049,795,1803,2.00E-02,4.91E+00
1050,796,799,1.77E-03,2.40E+00
1051,797,1753,9.30E-04,2.40E+00
1052,798,801,2.05E-04,1.10E+01
1053,798,801,2.05E-04,1.10E+01
1054,798,1673,2.30E-03,1.92E+01
1055,799,800,2.01E-03,2.40E+00
1056,800,803,8.30E-04,2.40E+00
1057,801,806,2.02E-04,1.10E+01
1058,801,806,2.02E-04,1.10E+01
1059,802,807,9.00E-04,2.40E+00
1060,802,809,1.05E-03,2.40E+00
1061,803,804,8.10E-04,2.40E+00
1062,803,805,1.61E-03,2.40E+00
1063,804,805,7.70E-04,2.61E+00
1064,1754,804,2.33E-03,4.76E+00
1065,805,808,8.20E-04,2.40E+00
1066,805,1755,3.53E-03,2.40E+00
1067,1755,807,2.71E-03,2.30E+00
1068,808,812,8.30E-04,2.40E+00
1069,809,810,9.60E-04,2.38E+00
1070,809,811,9.20E-04,2.40E+00
1071,1717,810,2.75E-03,2.30E+00
1072,1755,811,3.19E-03,2.30E+00
1073,812,813,8.40E-04,2.40E+00
1074,1755,813,1.70E-03,2.40E+00
1075,814,817,1.01E-03,2.40E+00
1076,815,817,1.03E-03,2.40E+00
1077,1717,815,2.81E-03,2.86E+00
1078,816,1683,7.98E-03,2.84E+00
1079,1755,816,1.10E-03,2.30E+00
1080,817,819,1.14E-03,2.40E+00
1081,818,1757,1.08E-03,2.40E+00
1082,819,1758,1.09E-03,2.40E+00
1083,821,1682,5.31E-03,7.31E+00
1084,1756,821,4.29E-04,4.73E+00
1085,822,823,8.60E-04,2.40E+00
1086,1758,822,9.90E-04,2.40E+00
1087,824,830,1.67E-03,2.40E+00
1088,824,847,1.43E-02,2.40E+00
1089,825,1088,2.96E-03,2.40E+00
1090,1757,825,1.27E-03,2.40E+00
1091,1758,825,1.87E-03,2.40E+00
1092,826,827,7.50E-04,2.40E+00
1093,826,829,8.00E-04,2.40E+00
1094,827,833,1.01E-03,2.40E+00
1095,828,831,8.40E-04,2.40E+00
1096,829,830,7.60E-04,2.40E+00
1097,831,832,8.30E-04,2.40E+00
1098,832,836,8.00E-04,2.40E+00
1099,833,834,7.70E-04,2.40E+00
1100,834,839,9.50E-04,2.40E+00
1101,835,837,1.00E-03,2.40E+00
1102,836,837,1.86E-03,2.30E+00
1103,836,838,8.30E-04,2.40E+00
1104,837,840,9.40E-04,2.05E+00
1105,837,1684,6.07E-03,3.84E+00
1106,838,841,8.80E-04,2.40E+00
1107,839,842,1.40E-03,2.40E+00
1108,840,845,1.52E-03,2.40E+00
1109,841,844,8.30E-04,2.40E+00
1110,842,843,1.06E-03,2.40E+00
1111,843,848,1.25E-03,2.40E+00
1112,844,846,8.10E-04,2.40E+00
1113,845,853,2.43E-03,2.40E+00
1114,846,849,7.30E-04,2.40E+00
1115,847,854,1.18E-03,3.12E+00
1116,847,854,1.18E-03,3.12E+00
1117,847,889,3.59E-03,3.22E+00
1118,847,889,3.59E-03,3.22E+00
1119,848,854,1.02E-03,2.40E+00
1120,848,854,1.02E-03,2.40E+00
1121,849,855,1.51E-03,2.40E+00
1122,850,851,7.80E-04,2.40E+00
1123,850,854,9.80E-04,2.40E+00
1124,851,852,1.03E-03,2.40E+00
1125,851,856,8.90E-04,2.40E+00
1126,851,891,3.22E-03,2.40E+00
1127,852,873,1.11E-03,2.40E+00
1128,853,857,8.40E-04,2.40E+00
1129,854,860,9.10E-04,2.40E+00
1130,1740,854,3.61E-03,2.40E+00
1131,855,859,1.12E-03,2.40E+00
1132,855,873,2.33E-03,2.40E+00
1133,856,874,1.17E-03,2.40E+00
1134,857,865,2.94E-03,2.40E+00
1135,858,860,1.38E-03,2.40E+00
1136,1740,858,1.95E-03,2.40E+00
1137,859,862,1.03E-03,2.40E+00
1138,861,863,9.60E-04,2.40E+00
1139,861,891,1.39E-03,2.40E+00
1140,862,873,9.60E-04,2.40E+00
1141,863,876,2.00E-03,2.40E+00
1142,864,866,1.34E-03,2.40E+00
1143,865,867,6.80E-04,2.40E+00
1144,865,896,1.58E-03,2.40E+00
1145,866,869,1.57E-03,2.40E+00
1146,867,868,1.08E-03,2.40E+00
1147,868,871,1.00E-03,2.40E+00
1148,869,875,1.19E-03,2.40E+00
1149,869,882,4.33E-03,2.05E+00
1150,870,880,1.19E-03,2.40E+00
1151,1740,870,3.92E-03,2.40E+00
1152,870,1760,8.17E-03,2.40E+00
1153,871,872,7.60E-04,2.40E+00
1154,872,880,1.07E-03,2.40E+00
1155,873,874,8.50E-04,2.40E+00
1156,875,878,8.00E-04,2.05E+00
1157,876,896,1.03E-03,2.40E+00
1158,877,878,6.00E-04,2.05E+00
1159,877,879,7.20E-04,2.38E+00
1160,879,881,7.30E-04,2.50E+00
1161,879,1675,7.34E-03,3.99E+00
1162,881,885,7.50E-04,2.38E+00
1163,882,884,8.20E-04,2.40E+00
1164,883,884,1.64E-03,2.40E+00
1165,883,886,1.05E-03,2.40E+00
1166,885,887,9.90E-04,2.30E+00
1167,886,888,9.80E-04,2.40E+00
1168,887,890,7.50E-04,2.30E+00
1169,888,892,1.24E-03,2.40E+00
1170,1714,889,1.55E-03,3.33E+00
1171,1714,889,1.55E-03,3.33E+00
1172,890,892,1.38E-03,2.40E+00
1173,890,893,1.17E-03,2.40E+00
1174,1740,891,1.88E-03,2.40E+00
1175,892,1760,1.15E-03,2.40E+00
1176,893,1760,1.78E-03,2.40E+00
1177,894,1556,5.96E-03,7.36E+00
1178,895,897,1.16E-03,2.40E+00
1179,1760,895,8.20E-04,2.40E+00
1180,1759,898,1.83E-03,4.35E+00
1181,899,900,9.00E-04,2.40E+00
1182,1761,899,2.70E-03,2.40E+00
1183,900,901,1.02E-03,2.40E+00
1184,901,902,6.90E-04,2.38E+00
1185,1761,901,4.52E-03,2.40E+00
1186,902,903,1.79E-03,2.30E+00
1187,1735,907,1.74E-02,2.40E+00
1188,1731,908,1.66E-02,2.40E+00
1189,1731,909,6.26E-03,2.40E+00
1190,1731,910,4.60E-03,2.40E+00
1191,911,912,6.77E-03,2.40E+00
1192,911,913,2.10E-02,2.40E+00
1193,1700,913,3.25E-02,2.40E+00
1194,1700,914,7.87E-02,2.40E+00
1195,1735,914,5.09E-02,2.19E+00
1196,915,918,2.09E-03,3.81E+00
1197,915,919,1.58E-03,3.81E+00
1198,916,922,3.56E-03,2.84E+00
1199,916,945,4.64E-03,2.19E+00
1200,917,919,1.09E-03,3.81E+00
1201,917,945,2.26E-03,3.81E+00
1202,918,920,2.40E-03,3.84E+00
1203,920,940,1.95E-03,2.93E+00
1204,920,1762,5.28E-03,6.14E+00
1205,921,922,2.50E-03,2.84E+00
1206,921,923,1.63E-03,2.84E+00
1207,923,940,1.39E-03,2.84E+00
1208,924,945,4.92E-03,2.50E+00
1209,925,1762,4.55E-03,2.40E+00
1210,926,928,8.98E-03,2.40E+00
1211,926,939,4.65E-03,2.40E+00
1212,927,939,5.57E-03,2.40E+00
1213,927,946,6.86E-03,2.40E+00
1214,928,932,9.96E-03,2.40E+00
1215,929,994,2.38E-02,9.60E+00
1216,930,931,6.97E-03,2.40E+00
1217,930,931,6.97E-03,2.40E+00
1218,1762,930,4.34E-03,2.40E+00
1219,1762,930,4.34E-03,2.40E+00
1220,931,938,1.12E-02,2.40E+00
1221,931,938,1.12E-02,2.40E+00
1222,932,933,1.51E-02,2.40E+00
1223,933,934,3.29E-02,2.05E+00
1224,935,936,2.40E-02,2.40E+00
1225,935,944,3.30E-02,2.40E+00
1226,936,937,2.22E-02,2.40E+00
1227,938,946,2.25E-02,2.86E+00
1228,938,946,2.25E-02,2.86E+00
1229,941,943,3.84E-02,2.40E+00
1230,941,1038,4.07E-02,2.40E+00
1231,942,944,1.36E-02,2.19E+00
1232,942,991,8.09E-02,2.84E+00
1233,1762,942,6.11E-02,2.61E+00
1234,1762,945,1.15E-02,5.67E+00
1235,947,948,2.51E-03,2.40E+00
1236,947,986,6.50E-03,2.40E+00
1237,947,987,2.43E-03,2.40E+00
1238,948,950,1.92E-03,2.40E+00
1239,949,952,3.69E-03,2.40E+00
1240,949,1763,6.66E-03,2.40E+00
1241,950,951,1.28E-03,2.40E+00
1242,951,954,1.08E-03,2.40E+00
1243,952,957,3.78E-03,2.40E+00
1244,953,1763,9.13E-03,2.40E+00
1245,954,956,1.60E-03,2.40E+00
1246,955,961,7.64E-03,2.40E+00
1247,955,985,4.19E-03,2.19E+00
1248,956,959,2.57E-03,2.40E+00
1249,957,960,3.46E-03,2.40E+00
1250,958,959,2.74E-03,2.40E+00
1251,958,962,5.61E-03,2.40E+00
1252,958,1763,1.96E-02,2.40E+00
1253,960,963,3.14E-03,2.40E+00
1254,961,965,2.04E-03,2.40E+00
1255,962,968,4.12E-03,2.40E+00
1256,963,964,1.98E-03,2.40E+00
1257,965,966,1.81E-03,2.40E+00
1258,966,968,2.90E-03,2.40E+00
1259,967,968,3.42E-03,2.40E+00
1260,967,999,6.39E-03,2.40E+00
1261,969,970,4.56E-03,2.40E+00
1262,969,972,4.53E-03,2.40E+00
1263,970,986,1.46E-02,2.40E+00
1264,971,973,6.88E-03,2.30E+00
1265,971,974,1.20E-02,2.05E+00
1266,972,973,4.59E-03,2.40E+00
1267,974,1040,2.04E-02,2.19E+00
1268,975,977,1.06E-02,2.40E+00
1269,975,1041,4.80E-02,2.40E+00
1270,976,977,1.51E-02,2.30E+00
1271,976,1043,2.92E-02,2.30E+00
1272,977,978,5.65E-03,2.38E+00
1273,977,980,1.51E-02,2.40E+00
1274,978,979,1.11E-02,2.38E+00
1275,979,982,1.46E-02,2.05E+00
1276,980,981,2.19E-02,2.40E+00
1277,981,1000,2.05E-02,2.40E+00
1278,983,984,2.46E-03,2.38E+00
1279,984,985,4.32E-03,2.19E+00
1280,987,1763,7.57E-03,2.40E+00
1281,988,994,2.69E-03,1.05E+01
1282,1763,989,7.18E-03,3.07E+00
1283,989,1765,9.19E-03,2.61E+00
1284,990,993,1.73E-02,2.40E+00
1285,991,992,6.67E-03,2.40E+00
1286,991,995,6.18E-03,2.30E+00
1287,1763,991,2.50E-02,2.19E+00
1288,992,993,5.03E-03,2.40E+00
1289,993,996,2.30E-02,2.40E+00
1290,1765,995,7.43E-03,2.30E+00
1291,996,1002,2.88E-02,2.40E+00
1292,997,998,1.76E-02,2.40E+00
1293,998,999,5.97E-03,2.40E+00
1294,1000,1001,2.25E-02,2.40E+00
1295,1003,1004,1.43E-02,2.40E+00
1296,1003,1005,2.45E-02,2.40E+00
1297,1003,1525,2.30E-02,2.05E+00
1298,1005,1530,1.88E-02,2.40E+00
1299,1006,1410,2.59E-02,2.40E+00
1300,1007,1008,2.92E-03,2.40E+00
1301,1007,1011,3.38E-03,2.40E+00
1302,1007,1014,1.08E-02,2.40E+00
1303,1008,1009,2.44E-03,2.40E+00
1304,1009,1010,1.50E-03,2.40E+00
1305,1010,1022,4.26E-03,2.40E+00
1306,1011,1021,7.23E-03,2.40E+00
1307,1012,1032,5.32E-03,2.40E+00
1308,1736,1012,2.29E-03,2.40E+00
1309,1013,1018,1.89E-02,2.40E+00
1310,1705,1014,1.36E-02,2.40E+00
1311,1728,1014,1.08E-02,2.40E+00
1312,1015,1016,2.61E-02,2.50E+00
1313,1015,1021,3.58E-02,2.19E+00
1314,1016,1488,2.99E-02,2.40E+00
1315,1017,1032,9.04E-03,2.40E+00
1316,1017,1489,3.32E-02,2.40E+00
1317,1018,1019,1.34E-02,2.40E+00
1318,1019,1494,3.20E-02,2.40E+00
1319,1020,1028,7.76E-03,7.36E+00
1320,1022,1023,4.95E-03,2.40E+00
1321,1023,1024,7.60E-03,2.40E+00
1322,1728,1023,3.24E-02,2.40E+00
1323,1024,1025,8.25E-03,2.40E+00
1324,1025,1026,1.70E-02,2.40E+00
1325,1696,1026,2.89E-02,2.05E+00
1326,1696,1026,2.89E-02,2.05E+00
1327,1027,1058,1.67E-02,2.40E+00
1328,1027,1059,1.04E-02,2.40E+00
1329,1028,1341,5.34E-03,7.36E+00
1330,1766,1029,2.12E-02,2.40E+00
1331,1030,1031,2.21E-02,2.40E+00
1332,1766,1030,3.32E-02,2.40E+00
1333,1031,1363,2.24E-02,2.40E+00
1334,1033,1034,3.55E-02,2.40E+00
1335,1034,1414,1.58E-01,2.22E+00
1336,1035,1036,2.85E-02,2.40E+00
1337,1036,1037,3.83E-02,2.40E+00
1338,1036,1039,3.27E-02,2.05E+00
1339,1699,1036,3.21E-02,5.01E+00
1340,1038,1039,4.09E-02,2.40E+00
1341,1040,1041,2.73E-02,2.61E+00
1342,1721,1041,3.72E-02,3.84E+00
1343,1042,1043,8.47E-03,2.38E+00
1344,1042,1046,2.39E-02,3.07E+00
1345,1044,1767,2.31E-02,3.17E+00
1346,1045,1048,3.31E-03,7.94E+00
1347,1046,1049,1.08E-02,2.19E+00
1348,1767,1046,1.55E-02,2.19E+00
1349,1047,1051,1.02E-03,7.36E+00
1350,1697,1048,8.57E-04,7.31E+00
1351,1701,1048,1.20E-02,3.66E+00
1352,1049,1050,3.83E-03,2.40E+00
1353,1768,1049,5.65E-03,2.40E+00
1354,1050,1769,5.15E-03,2.40E+00
1355,1052,1053,3.29E-02,2.40E+00
1356,1052,1054,2.96E-02,2.40E+00
1357,1054,1404,4.14E-02,2.40E+00
1358,1055,1066,1.60E-02,2.40E+00
1359,1056,1062,2.46E-02,2.40E+00
1360,1057,1058,1.11E-02,2.40E+00
1361,1057,1061,1.94E-02,2.40E+00
1362,1059,1661,1.18E-02,2.40E+00
1363,1060,1061,1.46E-02,2.40E+00
1364,1060,1662,1.50E-02,2.40E+00
1365,1062,1064,7.91E-03,2.40E+00
1366,1063,1064,1.44E-02,2.40E+00
1367,1065,1067,1.37E-02,2.40E+00
1368,1065,1665,1.44E-02,2.40E+00
1369,1066,1067,1.08E-02,2.40E+00
1370,1068,1070,1.54E-03,2.50E+00
1371,1068,1117,3.13E-03,2.40E+00
1372,1069,1072,1.52E-03,2.40E+00
1373,1070,1073,1.36E-03,2.61E+00
1374,1071,1072,9.60E-04,2.40E+00
1375,1072,1218,4.30E-03,2.40E+00
1376,1717,1074,1.12E-03,2.61E+00
1377,1075,1076,1.60E-03,2.40E+00
1378,1075,1077,9.80E-04,2.50E+00
1379,1075,1078,1.36E-03,2.19E+00
1380,1717,1075,3.16E-03,2.61E+00
1381,1076,1087,1.32E-03,2.40E+00
1382,1077,1078,9.10E-04,2.38E+00
1383,1077,1116,1.11E-03,3.84E+00
1384,1078,1079,8.50E-04,2.40E+00
1385,1078,1773,2.83E-03,2.30E+00
1386,1079,1080,7.00E-04,2.40E+00
1387,1080,1082,8.70E-04,2.40E+00
1388,1081,1089,2.01E-03,2.05E+00
1389,1081,1261,2.96E-03,2.40E+00
1390,1082,1083,1.16E-03,2.40E+00
1391,1083,1104,1.00E-03,2.40E+00
1392,1084,1085,7.00E-04,2.40E+00
1393,1084,1091,1.71E-03,2.40E+00
1394,1085,1086,7.80E-04,2.40E+00
1395,1086,1087,8.40E-04,2.40E+00
1396,1088,1090,6.90E-04,2.40E+00
1397,1089,1259,1.64E-03,2.40E+00
1398,1090,1092,1.41E-03,2.40E+00
1399,1091,1092,1.23E-03,2.40E+00
1400,1091,1093,7.30E-04,2.40E+00
1401,1698,1091,1.61E-03,2.19E+00
1402,1091,1770,1.43E-03,2.05E+00
1403,1093,1770,8.70E-04,2.40E+00
1404,1094,1257,1.74E-03,2.05E+00
1405,1094,1259,2.41E-03,2.40E+00
1406,1095,1099,7.51E-04,7.31E+00
1407,1095,1099,7.51E-04,7.31E+00
1408,1095,1674,7.56E-03,9.46E+00
1409,1095,1674,7.56E-03,9.46E+00
1410,1095,1674,7.56E-03,9.46E+00
1411,1713,1095,6.45E-04,3.66E+00
1412,1719,1095,1.03E-03,3.66E+00
1413,1722,1095,9.64E-04,5.41E+00
1414,1718,1096,1.16E-03,3.84E+00
1415,1720,1096,1.62E-03,2.19E+00
1416,1723,1096,9.20E-04,3.07E+00
1417,1097,1101,1.45E-03,2.40E+00
1418,1698,1097,4.30E-04,2.84E+00
1419,1718,1097,3.18E-03,2.40E+00
1420,1098,1104,1.11E-03,2.40E+00
1421,1698,1098,7.90E-04,2.40E+00
1422,1099,1109,6.14E-04,8.80E+00
1423,1099,1109,6.14E-04,8.80E+00
1424,1100,1101,7.10E-04,2.30E+00
1425,1100,1106,6.70E-04,2.30E+00
1426,1101,1105,1.07E-03,2.84E+00
1427,1102,1108,2.54E-03,2.40E+00
1428,1103,1105,1.48E-03,2.40E+00
1429,1103,1153,1.79E-03,3.47E+00
1430,1698,1103,2.47E-03,2.30E+00
1431,1718,1103,1.88E-03,2.61E+00
1432,1105,1153,8.30E-04,3.81E+00
1433,1106,1107,6.50E-04,2.38E+00
1434,1107,1110,7.70E-04,2.30E+00
1435,1108,1122,2.40E-03,2.40E+00
1436,1109,1111,3.41E-04,7.98E+00
1437,1109,1111,3.41E-04,7.98E+00
1438,1110,1772,7.80E-04,2.30E+00
1439,1111,1114,4.96E-04,7.31E+00
1440,1752,1111,4.25E-03,9.46E+00
1441,1756,1111,3.09E-03,4.91E+00
1442,1112,1113,9.20E-04,2.40E+00
1443,1771,1112,1.46E-03,2.40E+00
1444,1772,1113,7.60E-04,2.61E+00
1445,1113,1773,1.05E-03,2.93E+00
1446,1114,1135,5.87E-04,5.12E+00
1447,1115,1133,1.38E-03,2.40E+00
1448,1115,1134,1.04E-03,2.40E+00
1449,1115,1774,1.49E-03,2.40E+00
1450,1116,1117,1.81E-03,2.40E+00
1451,1116,1141,7.73E-03,2.50E+00
1452,1717,1116,4.76E-03,3.07E+00
1453,1116,1774,3.66E-03,2.19E+00
1454,1117,1120,1.39E-03,2.40E+00
1455,1118,1119,5.10E-04,2.40E+00
1456,1118,1120,1.12E-03,2.40E+00
1457,1119,1128,1.06E-03,2.40E+00
1458,1121,1128,3.85E-03,2.40E+00
1459,1122,1775,1.19E-02,2.40E+00
1460,1123,1125,1.47E-03,2.40E+00
1461,1123,1248,1.85E-03,2.19E+00
1462,1124,1128,4.39E-03,2.40E+00
1463,1124,1195,2.20E-03,2.40E+00
1464,1124,1196,2.09E-03,3.84E+00
1465,1748,1124,2.87E-03,3.47E+00
1466,1125,1250,1.56E-03,2.40E+00
1467,1126,1127,1.18E-03,2.38E+00
1468,1126,1251,2.12E-03,2.30E+00
1469,1127,1129,1.24E-03,2.30E+00
1470,1128,1134,1.45E-03,2.40E+00
1471,1129,1179,5.61E-03,2.30E+00
1472,1130,1131,9.50E-04,2.50E+00
1473,1130,1192,1.53E-03,2.50E+00
1474,1131,1132,9.70E-04,2.61E+00
1475,1132,1133,1.20E-03,2.38E+00
1476,1133,1774,1.64E-03,2.19E+00
1477,1136,1137,3.70E-04,3.81E+00
1478,1774,1136,4.60E-04,3.84E+00
1479,1137,1138,5.00E-04,3.81E+00
1480,1138,1139,8.20E-04,2.19E+00
1481,1138,1148,1.57E-03,2.40E+00
1482,1138,1185,2.40E-03,2.40E+00
1483,1139,1140,8.30E-04,2.40E+00
1484,1140,1185,9.30E-04,2.40E+00
1485,1141,1180,5.92E-03,2.38E+00
1486,1142,1146,1.35E-03,2.50E+00
1487,1142,1184,1.30E-03,2.40E+00
1488,1143,1147,2.56E-03,3.07E+00
1489,1143,1181,1.26E-03,2.84E+00
1490,1144,1145,1.04E-03,2.40E+00
1491,1145,1147,1.48E-03,2.40E+00
1492,1146,1151,2.03E-03,2.84E+00
1493,1147,1150,2.02E-03,3.81E+00
1494,1148,1150,2.64E-03,2.05E+00
1495,1149,1157,2.23E-03,2.40E+00
1496,1698,1150,3.57E-03,4.37E+00
1497,1151,1153,3.09E-03,2.38E+00
1498,1152,1153,1.89E-03,2.50E+00
1499,1152,1155,1.71E-03,2.38E+00
1500,1154,1160,2.09E-03,2.40E+00
1501,1154,1229,1.41E-03,2.40E+00
1502,1155,1159,1.90E-03,2.30E+00
1503,1156,1158,2.81E-03,2.40E+00
1504,1718,1156,5.48E-03,2.30E+00
1505,1157,1163,3.64E-03,2.40E+00
1506,1158,1161,1.52E-03,2.40E+00
1507,1159,1162,1.57E-03,2.38E+00
1508,1160,1163,2.10E-03,2.40E+00
1509,1161,1164,1.50E-03,2.40E+00
1510,1162,1168,1.10E-03,2.30E+00
1511,1163,1179,6.51E-03,2.84E+00
1512,1164,1165,8.60E-04,2.40E+00
1513,1165,1166,1.45E-03,2.40E+00
1514,1166,1169,1.08E-03,2.05E+00
1515,1167,1168,1.14E-03,2.30E+00
1516,1167,1172,6.60E-04,2.05E+00
1517,1169,1171,1.33E-03,2.40E+00
1518,1170,1258,2.44E-03,3.47E+00
1519,1170,1260,2.12E-03,2.50E+00
1520,1718,1170,8.66E-03,5.67E+00
1521,1171,1174,1.32E-03,2.40E+00
1522,1172,1173,1.74E-03,2.40E+00
1523,1173,1178,1.15E-03,2.40E+00
1524,1174,1175,1.01E-03,2.40E+00
1525,1175,1177,6.90E-04,2.40E+00
1526,1176,1177,1.30E-03,2.40E+00
1527,1176,1245,8.50E-04,2.40E+00
1528,1178,1180,1.02E-03,2.40E+00
1529,1179,1775,1.38E-02,2.84E+00
1530,1180,1240,1.12E-03,3.81E+00
1531,1181,1182,1.83E-03,2.84E+00
1532,1182,1230,1.54E-03,2.84E+00
1533,1183,1186,1.25E-03,2.19E+00
1534,1183,1190,1.25E-03,2.40E+00
1535,1184,1186,6.70E-04,2.05E+00
1536,1185,1187,1.19E-03,2.93E+00
1537,1187,1188,2.65E-03,2.40E+00
1538,1187,1189,1.68E-03,2.40E+00
1539,1188,1226,1.50E-03,2.40E+00
1540,1190,1227,2.09E-03,2.30E+00
1541,1191,1192,1.11E-03,2.40E+00
1542,1191,1193,7.60E-04,2.40E+00
1543,1193,1194,1.10E-03,2.40E+00
1544,1194,1195,1.55E-03,2.40E+00
1545,1194,1209,9.70E-04,2.19E+00
1546,1196,1208,1.88E-03,2.40E+00
1547,1197,1198,8.00E-04,3.47E+00
1548,1197,1206,9.10E-04,2.38E+00
1549,1198,1199,4.70E-04,3.25E+00
1550,1199,1201,9.00E-04,3.17E+00
1551,1200,1201,8.90E-04,2.30E+00
1552,1200,1202,1.36E-03,2.40E+00
1553,1200,1213,2.82E-03,2.40E+00
1554,1202,1203,1.44E-03,2.40E+00
1555,1204,1205,1.68E-03,2.40E+00
1556,1204,1207,1.72E-03,2.40E+00
1557,1206,1208,1.53E-03,2.38E+00
1558,1208,1210,1.12E-03,2.84E+00
1559,1209,1210,5.50E-04,2.19E+00
1560,1210,1211,8.30E-04,2.40E+00
1561,1211,1212,1.50E-03,2.40E+00
1562,1212,1226,1.32E-03,2.40E+00
1563,1213,1214,2.19E-03,2.40E+00
1564,1213,1215,3.49E-03,2.40E+00
1565,1213,1216,1.80E-03,2.40E+00
1566,1214,1221,1.21E-03,2.40E+00
1567,1215,1222,1.58E-03,2.40E+00
1568,1216,1217,9.60E-04,2.40E+00
1569,1218,1219,2.25E-03,2.40E+00
1570,1219,1241,1.10E-03,2.40E+00
1571,1220,1229,2.69E-03,2.40E+00
1572,1221,1223,6.30E-04,2.40E+00
1573,1222,1228,1.29E-03,2.40E+00
1574,1223,1224,5.70E-04,2.40E+00
1575,1224,1225,1.42E-03,2.40E+00
1576,1225,1227,9.00E-04,2.38E+00
1577,1225,1228,1.22E-03,2.40E+00
1578,1230,1231,1.15E-03,2.61E+00
1579,1231,1232,8.20E-04,2.50E+00
1580,1232,1238,7.90E-04,2.50E+00
1581,1233,1234,9.50E-04,2.40E+00
1582,1233,1241,1.93E-03,2.40E+00
1583,1234,1237,6.60E-04,2.40E+00
1584,1235,1236,1.28E-03,2.40E+00
1585,1235,1237,6.10E-04,2.40E+00
1586,1235,1243,8.90E-04,2.40E+00
1587,1236,1240,9.70E-04,3.81E+00
1588,1236,1775,7.13E-03,3.07E+00
1589,1238,1242,3.35E-03,2.38E+00
1590,1239,1256,5.86E-03,2.40E+00
1591,1242,1246,1.74E-03,2.61E+00
1592,1243,1244,1.17E-03,2.40E+00
1593,1244,1245,1.18E-03,2.40E+00
1594,1246,1249,2.91E-03,2.19E+00
1595,1247,1248,8.00E-04,2.40E+00
1596,1249,1250,1.85E-03,2.40E+00
1597,1249,1255,2.50E-03,2.40E+00
1598,1251,1289,3.28E-03,2.61E+00
1599,1252,1253,1.14E-03,2.40E+00
1600,1252,1775,1.95E-03,2.40E+00
1601,1253,1258,8.90E-04,5.01E+00
1602,1253,1775,1.06E-03,3.47E+00
1603,1775,1255,3.60E-03,2.05E+00
1604,1256,1257,2.97E-03,2.05E+00
1605,1258,1260,2.77E-03,2.05E+00
1606,1260,1262,2.50E-03,2.05E+00
1607,1260,1287,3.02E-03,2.40E+00
1608,1262,1263,1.89E-03,2.19E+00
1609,1263,1265,1.79E-03,2.19E+00
1610,1264,1266,1.83E-03,2.19E+00
1611,1265,1273,1.02E-03,2.19E+00
1612,1266,1267,1.72E-03,2.19E+00
1613,1267,1268,1.29E-03,2.19E+00
1614,1268,1269,2.32E-03,2.05E+00
1615,1269,1271,4.30E-03,2.40E+00
1616,1270,1271,1.41E-03,2.40E+00
1617,1270,1274,2.08E-03,2.40E+00
1618,1272,1273,2.31E-03,2.40E+00
1619,1274,1275,1.54E-03,2.40E+00
1620,1275,1277,2.27E-03,2.40E+00
1621,1276,1277,1.89E-03,2.40E+00
1622,1276,1281,3.63E-03,2.40E+00
1623,1277,1280,5.50E-03,2.40E+00
1624,1278,1284,3.97E-03,2.40E+00
1625,1279,1284,1.79E-03,2.40E+00
1626,1279,1285,2.36E-03,2.40E+00
1627,1280,1282,1.92E-03,2.40E+00
1628,1282,1283,1.74E-03,2.40E+00
1629,1285,1288,3.69E-03,2.40E+00
1630,1286,1292,1.74E-03,2.40E+00
1631,1286,1293,3.49E-03,2.40E+00
1632,1775,1289,3.90E-03,3.47E+00
1633,1290,1291,7.43E-03,2.19E+00
1634,1750,1290,2.66E-02,2.40E+00
1635,1291,1292,1.80E-03,2.40E+00
1636,1733,1294,8.78E-04,3.66E+00
1637,1295,1524,9.85E-02,2.05E+00
1638,1776,1296,6.01E-03,2.40E+00
1639,1716,1297,8.84E-03,2.19E+00
1640,1300,1304,1.86E-03,5.01E+00
1641,1301,1302,1.23E-03,6.14E+00
1642,1301,1310,4.89E-03,6.14E+00
1643,1303,1304,1.34E-03,3.99E+00
1644,1303,1305,1.86E-03,6.50E+00
1645,1305,1323,2.58E-03,6.50E+00
1646,1306,1307,2.81E-03,2.38E+00
1647,1306,1319,3.79E-03,2.50E+00
1648,1308,1309,1.56E-03,3.81E+00
1649,1309,1312,1.10E-03,3.81E+00
1650,1310,1315,2.17E-03,6.50E+00
1651,1310,1324,9.64E-03,3.84E+00
1652,1310,1806,3.58E-03,6.50E+00
1653,1311,1315,2.40E-03,2.50E+00
1654,1311,1319,3.95E-03,2.84E+00
1655,1312,1313,1.19E-03,3.81E+00
1656,1313,1314,1.33E-03,3.81E+00
1657,1314,1316,1.90E-03,2.84E+00
1658,1314,1335,1.14E-02,2.38E+00
1659,1315,1327,1.53E-03,6.50E+00
1660,1316,1318,5.78E-03,2.19E+00
1661,1317,1318,3.30E-03,2.40E+00
1662,1318,1324,1.08E-02,4.18E+00
1663,1318,1334,1.04E-02,2.40E+00
1664,1318,1335,6.65E-03,2.84E+00
1665,1318,1686,5.72E-02,3.84E+00
1666,1319,1320,2.13E-03,3.99E+00
1667,1320,1325,2.27E-03,4.76E+00
1668,1321,1330,8.18E-03,2.40E+00
1669,1322,1323,2.10E-03,6.50E+00
1670,1322,1324,1.15E-03,6.50E+00
1671,1324,1325,2.33E-03,6.50E+00
1672,1325,1326,1.37E-03,5.67E+00
1673,1325,1777,6.22E-03,6.50E+00
1674,1326,1334,2.21E-03,5.67E+00
1675,1327,1328,1.27E-03,3.99E+00
1676,1327,1777,9.54E-03,6.50E+00
1677,1328,1333,1.36E-03,4.18E+00
1678,1709,1329,1.65E-02,2.19E+00
1679,1709,1330,5.22E-03,2.40E+00
1680,1331,1332,1.42E-03,4.18E+00
1681,1331,1339,1.76E-03,3.88E+00
1682,1332,1333,1.61E-03,4.18E+00
1683,1334,1337,3.87E-03,3.99E+00
1684,1334,1338,4.52E-03,2.19E+00
1685,1709,1335,5.55E-03,6.14E+00
1686,1336,1802,6.57E-04,1.62E+01
1687,1777,1337,3.57E-03,3.84E+00
1688,1338,1339,2.55E-03,3.88E+00
1689,1777,1338,3.65E-03,6.14E+00
1690,1777,1340,6.63E-03,2.40E+00
1691,1341,1342,2.06E-03,7.36E+00
1692,1343,1356,1.21E-02,2.40E+00
1693,1778,1343,1.99E-02,2.40E+00
1694,1344,1345,7.15E-03,2.40E+00
1695,1344,1348,1.48E-02,2.19E+00
1696,1703,1344,2.47E-03,4.37E+00
1697,1345,1347,6.93E-03,2.40E+00
1698,1346,1355,5.33E-03,2.40E+00
1699,1703,1346,1.72E-02,2.40E+00
1700,1347,1348,4.82E-03,2.40E+00
1701,1348,1350,7.37E-03,3.07E+00
1702,1349,1350,5.26E-03,2.40E+00
1703,1349,1782,5.32E-03,2.40E+00
1704,1350,1633,1.82E-02,2.38E+00
1705,1351,1371,8.79E-04,1.05E+01
1706,1352,1355,7.59E-03,2.40E+00
1707,1780,1352,6.57E-03,2.40E+00
1708,1353,1354,4.95E-03,2.40E+00
1709,1353,1358,6.58E-03,2.40E+00
1710,1703,1353,2.96E-02,2.40E+00
1711,1356,1357,6.62E-03,2.40E+00
1712,1356,1360,1.34E-02,2.50E+00
1713,1357,1359,4.77E-03,2.40E+00
1714,1358,1359,4.27E-03,2.40E+00
1715,1360,1363,9.91E-03,2.40E+00
1716,1361,1362,8.04E-03,2.40E+00
1717,1362,1364,8.92E-03,2.40E+00
1718,1365,1366,3.61E-03,2.40E+00
1719,1366,1367,5.85E-03,2.38E+00
1720,1366,1680,2.31E-02,2.30E+00
1721,1367,1368,3.93E-03,2.19E+00
1722,1368,1369,4.79E-03,2.40E+00
1723,1368,1374,7.74E-03,2.19E+00
1724,1368,1619,3.06E-02,2.50E+00
1725,1703,1368,4.57E-02,2.40E+00
1726,1780,1369,1.09E-02,2.40E+00
1727,1369,1781,5.62E-03,2.40E+00
1728,1370,1372,1.04E-03,1.19E+01
1729,1370,1373,1.11E-03,1.20E+01
1730,1371,1372,5.16E-04,1.00E+01
1731,1373,1375,9.10E-04,1.20E+01
1732,1374,1783,6.76E-03,2.40E+00
1733,1375,1615,2.17E-03,1.20E+01
1734,1729,1376,1.30E-02,2.86E+00
1735,1378,1379,7.86E-02,2.40E+00
1736,1737,1380,7.60E-02,1.80E+00
1737,1738,1380,3.82E-02,1.80E+00
1738,1383,1384,5.17E-02,1.80E+00
1739,1386,1387,1.04E-02,2.40E+00
1740,1387,1391,1.05E-02,2.40E+00
1741,1388,1389,1.80E-03,2.40E+00
1742,1388,1391,5.99E-03,2.40E+00
1743,1389,1390,7.59E-03,2.40E+00
1744,1390,1392,1.89E-02,2.40E+00
1745,1390,1393,3.45E-02,2.40E+00
1746,1393,1394,1.34E-02,2.30E+00
1747,1394,1395,1.11E-02,2.40E+00
1748,1394,1784,3.17E-02,2.19E+00
1749,1396,1398,3.84E-03,2.40E+00
1750,1396,1784,8.96E-03,2.40E+00
1751,1397,1398,3.21E-03,2.40E+00
1752,1397,1400,2.34E-02,2.40E+00
1753,1397,1784,1.46E-02,2.40E+00
1754,1400,1403,1.07E-01,2.05E+00
1755,1784,1400,3.40E-02,2.40E+00
1756,1784,1401,1.01E-02,2.40E+00
1757,1402,1403,2.54E-02,2.40E+00
1758,1712,1402,7.24E-02,2.40E+00
1759,1405,1406,3.69E-02,2.40E+00
1760,1406,1407,2.48E-02,2.40E+00
1761,1408,1410,1.76E-02,2.40E+00
1762,1408,1536,2.53E-02,2.40E+00
1763,1409,1410,1.27E-02,2.40E+00
1764,1409,1411,1.98E-02,2.40E+00
1765,1411,1412,3.01E-02,2.40E+00
1766,1413,1418,3.39E-02,2.40E+00
1767,1413,1672,2.70E-02,2.40E+00
1768,1414,1416,9.10E-02,2.40E+00
1769,1415,1416,4.38E-03,2.40E+00
1770,1417,1418,2.57E-02,2.40E+00
1771,1420,1421,6.21E-03,2.19E+00
1772,1708,1421,2.20E-02,2.40E+00
1773,1422,1423,4.29E-03,2.40E+00
1774,1422,1785,5.59E-03,2.40E+00
1775,1423,1429,5.60E-03,2.40E+00
1776,1424,1450,8.38E-03,7.31E+00
1777,1707,1424,1.54E-03,1.02E+01
1778,1707,1424,1.54E-03,1.02E+01
1779,1425,1426,3.12E-03,2.50E+00
1780,1425,1427,2.30E-03,2.50E+00
1781,1426,1428,3.87E-03,2.50E+00
1782,1427,1429,4.77E-03,2.50E+00
1783,1428,1431,5.98E-03,2.19E+00
1784,1429,1430,9.35E-03,2.40E+00
1785,1785,1429,1.30E-02,2.40E+00
1786,1433,1434,6.95E-03,2.05E+00
1787,1433,1441,6.32E-03,2.40E+00
1788,1786,1433,1.13E-02,2.38E+00
1789,1434,1787,3.59E-02,2.19E+00
1790,1435,1436,5.07E-03,2.40E+00
1791,1435,1438,1.72E-03,2.40E+00
1792,1786,1435,1.37E-02,2.30E+00
1793,1436,1437,5.21E-03,2.19E+00
1794,1437,1439,4.89E-03,2.40E+00
1795,1438,1453,1.98E-02,2.19E+00
1796,1439,1440,4.91E-03,2.40E+00
1797,1441,1442,3.94E-03,2.19E+00
1798,1442,1443,3.45E-03,2.40E+00
1799,1442,1444,2.85E-03,2.40E+00
1800,1443,1446,2.46E-03,2.40E+00
1801,1445,1446,4.04E-03,2.40E+00
1802,1447,1448,4.16E-03,2.40E+00
1803,1447,1451,7.71E-03,2.40E+00
1804,1448,1469,6.98E-03,2.40E+00
1805,1449,1787,7.07E-03,2.40E+00
1806,1811,1449,9.47E-03,2.19E+00
1807,1450,1476,1.34E-02,3.66E+00
1808,1730,1451,2.19E-02,2.40E+00
1809,1787,1451,1.90E-02,2.40E+00
1810,1452,1453,2.71E-03,2.40E+00
1811,1452,1455,8.50E-03,2.40E+00
1812,1725,1454,2.25E-02,7.31E+00
1813,1455,1460,7.40E-03,2.40E+00
1814,1788,1455,4.97E-03,2.40E+00
1815,1456,1457,3.84E-03,2.40E+00
1816,1457,1458,4.09E-03,2.40E+00
1817,1458,1459,3.32E-03,2.40E+00
1818,1459,1461,3.62E-03,2.40E+00
1819,1460,1461,1.93E-03,2.40E+00
1820,1462,1463,8.65E-03,2.40E+00
1821,1465,1466,4.53E-03,2.40E+00
1822,1466,1478,7.12E-03,2.40E+00
1823,1467,1468,7.18E-03,2.40E+00
1824,1732,1467,8.80E-03,2.40E+00
1825,1469,1470,6.17E-03,2.40E+00
1826,1470,1471,6.71E-03,2.19E+00
1827,1471,1472,6.98E-03,2.40E+00
1828,1472,1473,4.69E-03,2.40E+00
1829,1472,1475,3.24E-02,2.40E+00
1830,1732,1473,2.71E-03,2.40E+00
1831,1478,1479,8.19E-03,2.40E+00
1832,1479,1480,1.51E-02,2.40E+00
1833,1480,1482,4.79E-02,2.40E+00
1834,1484,1485,9.46E-03,1.02E+01
1835,1486,1487,7.78E-03,9.46E+00
1836,1695,1487,4.42E-02,7.31E+00
1837,1488,1489,1.55E-02,2.40E+00
1838,1789,1489,3.11E-02,3.07E+00
1839,1490,1491,2.20E-02,2.40E+00
1840,1491,1492,2.76E-02,2.40E+00
1841,1492,1493,2.36E-02,2.40E+00
1842,1493,1494,2.12E-02,2.40E+00
1843,1496,1497,4.47E-02,2.40E+00
1844,1496,1501,3.70E-02,2.40E+00
1845,1498,1499,2.48E-02,2.40E+00
1846,1498,1501,2.64E-02,2.40E+00
1847,1498,1502,2.33E-02,2.40E+00
1848,1499,1503,2.76E-02,2.40E+00
1849,1502,1503,1.72E-02,2.40E+00
1850,1503,1504,1.97E-02,2.40E+00
1851,1505,1506,1.65E-02,2.40E+00
1852,1506,1507,5.95E-03,2.40E+00
1853,1507,1516,5.64E-03,2.40E+00
1854,1508,1517,3.27E-02,2.40E+00
1855,1508,1518,3.77E-02,2.40E+00
1856,1509,1510,1.02E-02,2.40E+00
1857,1509,1516,1.25E-02,2.40E+00
1858,1510,1511,1.01E-02,2.40E+00
1859,1510,1512,3.52E-02,2.40E+00
1860,1711,1510,9.41E-02,2.40E+00
1861,1513,1515,1.18E-02,2.40E+00
1862,1514,1515,1.75E-02,2.50E+00
1863,1789,1514,1.70E-02,2.61E+00
1864,1515,1517,3.48E-02,2.05E+00
1865,1519,1520,3.84E-03,2.19E+00
1866,1519,1522,5.46E-03,2.40E+00
1867,1519,1790,6.67E-03,2.40E+00
1868,1520,1790,3.10E-03,2.05E+00
1869,1522,1790,1.36E-02,2.40E+00
1870,1790,1524,2.55E-02,2.40E+00
1871,1525,1528,1.89E-02,2.40E+00
1872,1526,1527,1.46E-02,2.38E+00
1873,1526,1529,2.90E-02,3.07E+00
1874,1527,1528,2.20E-02,2.40E+00
1875,1529,1533,2.96E-02,3.17E+00
1876,1530,1531,5.49E-03,2.40E+00
1877,1531,1532,1.96E-02,2.05E+00
1878,1532,1537,2.63E-02,2.38E+00
1879,1533,1534,2.42E-02,3.17E+00
1880,1534,1535,3.24E-02,2.40E+00
1881,1534,1537,5.26E-02,2.05E+00
1882,1767,1534,5.30E-02,3.84E+00
1883,1535,1536,2.73E-02,2.40E+00
1884,1538,1540,1.20E-03,5.41E+00
1885,1538,1797,6.22E-03,3.66E+00
1886,1791,1539,1.64E-03,2.50E+00
1887,1540,1796,2.86E-03,7.31E+00
1888,1541,1542,1.87E-03,2.40E+00
1889,1791,1541,4.90E-03,2.50E+00
1890,1792,1541,1.63E-03,2.40E+00
1891,1541,1793,7.23E-03,2.05E+00
1892,1542,1544,1.65E-03,2.40E+00
1893,1792,1542,3.49E-03,2.40E+00
1894,1543,1544,1.57E-03,2.40E+00
1895,1543,1550,1.21E-03,2.40E+00
1896,1544,1548,2.44E-03,2.05E+00
1897,1544,1554,3.03E-03,2.40E+00
1898,1545,1546,2.83E-03,2.40E+00
1899,1545,1676,1.15E-02,2.50E+00
1900,1545,1795,3.95E-03,2.40E+00
1901,1546,1793,1.54E-03,2.40E+00
1902,1547,1549,8.12E-04,7.36E+00
1903,1547,1556,3.46E-04,7.36E+00
1904,1793,1548,2.37E-03,2.38E+00
1905,1549,1615,7.86E-04,7.36E+00
1906,1550,1551,1.83E-03,2.40E+00
1907,1792,1551,2.72E-03,2.40E+00
1908,1791,1552,2.95E-03,2.40E+00
1909,1791,1553,1.72E-03,2.38E+00
1910,1793,1554,3.40E-03,2.05E+00
1911,1555,1563,2.59E-03,2.93E+00
1912,1795,1555,6.42E-03,3.17E+00
1913,1556,1557,2.00E-04,1.54E+01
1914,1556,1567,3.16E-03,1.05E+01
1915,1557,1678,6.15E-03,1.88E+01
1916,1558,1560,1.91E-03,2.40E+00
1917,1558,1619,5.56E-03,2.40E+00
1918,1559,1560,3.92E-03,2.40E+00
1919,1559,1561,1.92E-03,3.07E+00
1920,1559,1619,9.85E-03,2.40E+00
1921,1795,1559,7.34E-03,2.19E+00
1922,1561,1562,2.77E-03,2.40E+00
1923,1561,1582,4.64E-03,2.19E+00
1924,1562,1578,2.29E-03,2.40E+00
1925,1563,1566,2.90E-03,3.07E+00
1926,1564,1565,1.50E-03,2.40E+00
1927,1564,1571,2.41E-03,2.40E+00
1928,1565,1566,1.42E-03,2.84E+00
1929,1565,1571,3.79E-03,2.40E+00
1930,1568,1569,1.21E-03,2.40E+00
1931,1569,1571,1.11E-03,2.05E+00
1932,1570,1573,2.86E-03,2.40E+00
1933,1570,1574,2.76E-03,2.40E+00
1934,1570,1584,4.51E-03,2.40E+00
1935,1798,1570,2.99E-03,2.40E+00
1936,1572,1573,3.11E-03,2.40E+00
1937,1572,1577,2.01E-03,2.40E+00
1938,1574,1575,2.20E-03,2.40E+00
1939,1575,1576,2.08E-03,2.40E+00
1940,1576,1579,2.74E-03,2.40E+00
1941,1577,1578,3.33E-03,2.40E+00
1942,1578,1579,2.26E-03,2.40E+00
1943,1792,1578,1.37E-02,2.40E+00
1944,1793,1578,9.76E-03,2.30E+00
1945,1798,1578,1.39E-02,2.40E+00
1946,1580,1581,2.93E-03,2.40E+00
1947,1580,1614,2.18E-03,2.40E+00
1948,1581,1582,3.65E-03,2.40E+00
1949,1582,1583,4.04E-03,2.40E+00
1950,1583,1588,4.22E-03,2.40E+00
1951,1584,1588,4.65E-03,2.40E+00
1952,1585,1586,1.78E-03,2.40E+00
1953,1585,1587,3.76E-03,2.40E+00
1954,1586,1591,5.84E-03,2.40E+00
1955,1589,1590,6.31E-03,2.40E+00
1956,1589,1612,6.73E-03,2.40E+00
1957,1590,1591,3.15E-03,2.40E+00
1958,1592,1598,5.43E-03,2.40E+00
1959,1593,1594,2.80E-03,2.40E+00
1960,1594,1595,2.30E-03,2.40E+00
1961,1595,1596,9.42E-03,2.05E+00
1962,1596,1668,4.33E-03,2.19E+00
1963,1597,1598,3.78E-03,2.40E+00
1964,1597,1611,7.84E-03,2.40E+00
1965,1599,1600,4.67E-03,2.30E+00
1966,1599,1668,4.54E-03,2.30E+00
1967,1600,1601,3.18E-03,2.40E+00
1968,1600,1603,3.74E-03,2.19E+00
1969,1601,1607,1.90E-03,2.40E+00
1970,1602,1604,1.51E-03,2.40E+00
1971,1602,1607,4.34E-03,2.40E+00
1972,1603,1639,4.40E-03,2.30E+00
1973,1604,1625,2.92E-03,2.40E+00
1974,1605,1606,2.39E-03,2.40E+00
1975,1605,1608,3.79E-03,2.40E+00
1976,1605,1623,3.30E-03,2.40E+00
1977,1605,1626,7.82E-03,2.40E+00
1978,1606,1607,1.67E-03,2.40E+00
1979,1607,1610,4.01E-03,2.40E+00
1980,1608,1609,3.81E-03,2.40E+00
1981,1609,1612,6.52E-03,2.40E+00
1982,1610,1611,5.57E-03,2.40E+00
1983,1610,1666,2.28E-02,2.40E+00
1984,1613,1620,3.50E-03,2.40E+00
1985,1613,1623,4.58E-03,2.40E+00
1986,1614,1620,5.45E-03,2.40E+00
1987,1795,1616,4.77E-03,2.40E+00
1988,1799,1616,2.74E-03,2.40E+00
1989,1617,1618,2.34E-03,2.05E+00
1990,1617,1630,6.03E-03,2.40E+00
1991,1783,1617,1.10E-02,2.40E+00
1992,1618,1619,6.35E-03,2.40E+00
1993,1620,1621,5.22E-03,2.40E+00
1994,1621,1622,4.85E-03,2.40E+00
1995,1622,1626,3.39E-03,2.40E+00
1996,1624,1625,4.05E-03,2.40E+00
1997,1624,1627,5.59E-03,2.40E+00
1998,1626,1800,3.59E-03,3.47E+00
1999,1627,1666,4.55E-03,2.40E+00
2000,1628,1630,6.88E-03,2.40E+00
2001,1628,1801,5.78E-03,2.40E+00
2002,1629,1631,3.44E-03,3.66E+00
2003,1794,1629,6.89E-03,6.35E+00
2004,1632,1633,3.18E-03,2.30E+00
2005,1782,1632,1.38E-02,2.61E+00
2006,1801,1632,1.44E-03,4.76E+00
2007,1634,1636,8.05E-03,2.50E+00
2008,1634,1646,5.80E-03,2.40E+00
2009,1634,1647,9.03E-03,2.40E+00
2010,1635,1636,5.94E-03,2.40E+00
2011,1635,1639,6.15E-03,2.38E+00
2012,1635,1666,5.05E-03,2.40E+00
2013,1636,1637,5.96E-03,2.40E+00
2014,1637,1638,5.02E-03,2.40E+00
2015,1638,1640,1.28E-02,3.25E+00
2016,1703,1638,4.14E-02,2.30E+00
2017,1640,1645,9.45E-03,3.07E+00
2018,1641,1642,1.42E-02,3.84E+00
2019,1641,1665,1.51E-02,2.40E+00
2020,1642,1667,4.19E-03,5.01E+00
2021,1643,1644,1.05E-02,2.61E+00
2022,1643,1656,4.69E-02,3.84E+00
2023,1643,1667,4.26E-03,5.01E+00
2024,1644,1645,1.01E-02,3.07E+00
2025,1646,1649,5.56E-03,2.40E+00
2026,1647,1648,6.33E-03,2.40E+00
2027,1648,1649,3.49E-03,2.40E+00
2028,1648,1650,3.23E-03,2.40E+00
2029,1648,1652,3.32E-03,3.07E+00
2030,1650,1651,3.36E-03,2.40E+00
2031,1651,1653,1.80E-03,2.40E+00
2032,1652,1654,1.02E-02,3.07E+00
2033,1653,1663,1.37E-02,2.40E+00
2034,1654,1659,1.53E-02,2.40E+00
2035,1654,1660,1.03E-02,2.40E+00
2036,1655,1660,8.06E-03,2.40E+00
2037,1696,1655,2.58E-03,2.84E+00
2038,1656,1658,4.50E-03,2.40E+00
2039,1656,1664,3.14E-02,2.40E+00
2040,1696,1656,3.43E-03,6.14E+00
2041,1696,1656,3.43E-03,6.14E+00
2042,1657,1658,4.46E-03,2.40E+00
2043,1657,1662,8.88E-03,2.40E+00
2044,1694,1659,6.23E-03,2.30E+00
2045,1703,1659,1.33E-02,2.40E+00
2046,1663,1664,1.04E-02,2.40E+00
2047,1780,1666,2.79E-02,2.19E+00
2048,1800,1666,8.57E-03,2.40E+00
2049,1671,1672,3.27E-02,2.40E+00
2050,1792,1677,1.72E-02,2.61E+00
2051,1702,1679,3.75E-02,3.66E+00
2052,1759,1682,8.31E-03,7.31E+00
2053,1777,1685,4.73E-03,6.50E+00
2054,1692,1708,6.03E-02,3.84E+00
2055,1693,1724,7.53E-02,2.05E+00
2056,1694,1696,2.00E-05,6.00E+00
2057,1694,1698,1.46E-01,2.40E+00
2058,1694,1705,9.10E-02,2.40E+00
2059,1694,1708,9.04E-02,3.81E+00
2060,1694,1709,2.02E-01,2.40E+00
2061,1694,1710,1.92E-01,2.50E+00
2062,1694,1778,1.43E-02,2.40E+00
2063,1695,1702,6.61E-03,5.12E+00
2064,1695,1779,5.67E-03,4.35E+00
2065,1698,1770,1.62E-03,2.50E+00
2066,1699,1769,2.07E-02,2.40E+00
2067,1701,1764,3.67E-02,9.46E+00
2068,1702,1779,2.79E-03,3.83E+00
2069,1702,1794,1.74E-02,6.35E+00
2070,1704,1727,5.12E-04,7.94E+00
2071,1706,1716,2.73E-02,2.38E+00
2072,1713,1719,4.72E-04,3.66E+00
2073,1716,1776,2.25E-03,2.50E+00
2074,1716,1790,2.15E-01,1.18E+00
2075,1721,1768,1.66E-02,2.40E+00
2076,1723,1770,2.68E-03,2.40E+00
2077,1727,1779,3.51E-02,3.66E+00
2078,1733,1744,1.11E-01,4.91E+00
2079,1733,1744,1.11E-01,4.91E+00
2080,1733,1744,1.11E-01,4.91E+00
2081,1736,1766,1.24E-02,5.23E+00
2082,1739,1747,2.08E-03,3.84E+00
2083,1741,1742,1.83E-03,2.30E+00
2084,1744,1764,7.99E-02,6.35E+00
2085,1753,1754,1.50E-03,3.07E+00
2086,1761,1804,1.78E-02,4.18E+00
2087,1767,1768,1.62E-02,2.93E+00
2088,1772,1773,1.83E-03,2.19E+00
2089,1777,1805,9.15E-03,2.30E+00
2090,1793,1795,5.00E-03,2.40E+00
2091,1794,1796,7.67E-04,6.35E+00
2092,10,1694,1.85E-02,8.00E+00
2093,11,1695,1.18E-02,8.50E+00
2094,12,1697,1.33E-02,7.50E+00
2095,13,1698,2.72E-02,1.00E+01
2096,14,1699,2.69E-02,5.50E+00
2097,15,1700,5.45E-02,2.00E+00
2098,16,1701,1.05E-02,9.50E+00
2099,17,1702,5.26E-03,1.90E+01
2100,18,1704,1.25E-02,8.00E+00
2101,20,1706,4.23E-02,3.50E+00
2102,21,1707,1.82E-02,5.50E+00
2103,22,1709,1.29E-02,1.15E+01
2104,23,1710,1.98E-02,5.50E+00
2105,24,1711,2.47E-02,6.00E+00
2106,25,1712,4.93E-02,3.00E+00
2107,28,1713,1.33E-02,7.50E+00
2108,1714,28,3.29E-02,4.50E+00
2109,29,1715,3.29E-02,4.50E+00
2110,30,1716,2.28E-02,6.50E+00
2111,31,1717,2.69E-02,5.50E+00
2112,32,1718,1.56E-02,7.00E+00
2113,33,1719,2.50E-02,4.00E+00
2114,1720,33,5.92E-02,2.50E+00
2115,34,1721,3.29E-02,4.50E+00
2116,36,1722,1.82E-02,5.50E+00
2117,1723,36,4.23E-02,3.50E+00
2118,50,1724,3.70E-02,4.00E+00
2119,54,1725,1.54E-02,6.50E+00
2120,55,1727,1.67E-02,6.00E+00
2121,63,1729,3.70E-02,4.00E+00
2122,64,1730,4.36E-02,2.50E+00
2123,66,1731,2.69E-02,5.50E+00
2124,69,1732,3.63E-02,3.00E+00
2125,76,1733,1.33E-02,7.50E+00
2126,79,1734,2.50E-02,5.00E+00
2127,94,1736,4.23E-02,3.50E+00
2128,118,1739,2.47E-02,6.00E+00
2129,139,1740,1.35E-02,1.10E+01
2130,284,1741,2.47E-02,6.00E+00
2131,285,1742,3.11E-02,3.50E+00
2132,325,1743,1.64E-02,9.00E+00
2133,352,1744,5.56E-03,1.80E+01
2134,1745,352,1.41E-02,1.05E+01
2135,395,1746,7.40E-03,2.00E+01
2136,459,1747,1.48E-02,1.00E+01
2137,565,1748,1.02E-02,1.45E+01
2138,676,1749,1.14E-02,1.30E+01
2139,721,1750,1.21E-02,9.00E+00
2140,795,1751,1.45E-02,7.50E+00
2141,798,1752,6.67E-03,1.50E+01
2142,801,1754,1.64E-02,9.00E+00
2143,806,1755,7.79E-03,1.90E+01
2144,820,1756,1.11E-02,9.00E+00
2145,821,1758,2.42E-02,4.50E+00
2146,894,1759,9.09E-03,1.10E+01
2147,898,1761,1.45E-02,7.50E+00
2148,929,1762,1.18E-02,1.25E+01
2149,988,1763,1.41E-02,1.05E+01
2150,994,1764,8.00E-03,1.25E+01
2151,1020,1766,2.69E-02,5.50E+00
2152,1045,1767,1.98E-02,5.50E+00
2153,1047,1768,1.35E-02,1.10E+01
2154,1051,1769,3.29E-02,4.50E+00
2155,1095,1770,1.36E-02,8.00E+00
2156,1109,1771,4.36E-02,2.50E+00
2157,1111,1772,3.11E-02,3.50E+00
2158,1114,1773,1.56E-02,7.00E+00
2159,1135,1774,3.63E-02,3.00E+00
2160,1254,1775,8.07E-03,1.35E+01
2161,1294,1776,5.45E-02,2.00E+00
2162,1336,1777,1.14E-02,1.30E+01
2163,1341,1778,4.93E-02,3.00E+00
2164,1342,1779,1.33E-02,7.50E+00
2165,1351,1780,1.56E-02,9.50E+00
2166,1370,1781,9.86E-02,1.50E+00
2167,1371,1782,3.70E-02,4.00E+00
2168,1375,1783,3.70E-02,4.00E+00
2169,1399,1784,1.14E-02,1.30E+01
2170,1424,1785,1.98E-02,5.50E+00
2171,1432,1786,1.06E-02,1.40E+01
2172,1450,1787,1.82E-02,6.00E+00
2173,1454,1788,2.72E-02,4.00E+00
2174,1487,1789,2.18E-02,5.00E+00
2175,1521,1790,1.97E-02,7.50E+00
2176,1538,1791,1.21E-02,9.00E+00
2177,1540,1792,1.36E-02,8.00E+00
2178,1547,1793,2.69E-02,5.50E+00
2179,1549,1794,6.67E-03,1.50E+01
2180,1795,1549,1.64E-02,9.00E+00
2181,1557,1796,1.43E-02,7.00E+00
2182,1567,1797,6.06E-03,1.65E+01
2183,1615,1799,9.86E-02,1.50E+00
2184,1629,1800,1.98E-02,5.50E+00
2185,1631,1801,5.45E-02,2.00E+00
2186,1695,1696,1.68E-02,6.50E+00
2187,1702,1703,7.52E-03,1.45E+01
2188,1704,1705,1.82E-02,6.00E+00
2189,1707,1708,2.42E-02,4.50E+00
2190,1713,1714,1.98E-02,5.50E+00
2191,1719,1720,3.63E-02,3.00E+00
2192,1722,1723,2.42E-02,4.50E+00
2193,1725,1726,2.18E-02,5.00E+00
2194,1727,1728,2.42E-02,4.50E+00
2195,1734,1735,3.63E-02,3.00E+00
2196,1744,1745,9.08E-03,1.20E+01
2197,1752,1753,9.48E-03,1.15E+01
2198,1756,1757,1.56E-02,7.00E+00
2199,1759,1760,1.28E-02,8.50E+00
2200,1764,1765,1.15E-02,9.50E+00
2201,1794,1795,9.48E-03,1.15E+01
2202,1797,1798,8.72E-03,1.25E+01
END,,,,